type,rd_percentage,pause,bandwidth_bytes_per_second,latency_core_ptr_chase,latency_mem_ptr_chase,latency_mem_ptr_chase_ram,bandwidth_ram
DDR4-1.3333333,0,0,86660663268.36583,72.52250687509046,236.19047619047618,178.76924396923107,1.09997E+11
DDR4-1.3333333,0,5,86089009895.05249,65.10601178270352,206.66666666666666,160.02503350062582,1.09284E+11
DDR4-1.3333333,0,10,85352597301.34932,57.96147054566507,184.76190476190476,144.13619910340498,1.08363E+11
DDR4-1.3333333,0,15,65882597901.04948,36.396958783513405,93.80952380952381,73.84870459621762,83595450276
DDR4-1.3333333,0,20,59626516341.82909,33.873405083426405,82.85714285714285,65.06460312661508,75728919540
DDR4-1.3333333,0,25,61404948725.637184,34.28615980397197,84.76190476190476,66.50782516269562,77944771614
DDR4-1.3333333,0,30,58866192503.74812,33.68372398464336,82.38095238095238,64.61907311547682,74761211400
DDR4-1.3333333,0,35,58195535832.08396,33.71150737522731,80.95238095238095,63.43793333594834,73834954524
DDR4-1.3333333,0,40,56928307046.47677,33.21068524970964,80.95238095238095,63.451172336279306,72219890058
DDR4-1.3333333,0,45,56421737931.034485,32.95638352193178,78.09523809523809,61.528314788207865,71567416290
DDR4-1.3333333,0,50,55664369415.292366,32.73,76.66666666666666,60.11406750285169,70620689658
DDR4-1.3333333,0,55,54849170614.69265,32.50508986410794,76.66666666666666,60.12,69646328838
DDR4-1.3333333,0,60,53144822788.61,32.47,76.66666666666666,60.335319758382994,67416147924
DDR4-1.3333333,0,65,52669620389.80511,31.69392501186521,73.80952380952381,58.135031953375794,66799496250
DDR4-1.3333333,0,70,51766903748.12594,31.62405101251637,73.80952380952381,58.03670320091757,65660353824
DDR4-1.3333333,0,80,49824988305.84708,31.34207522089295,71.90,56.440223911005596,63264367818
DDR4-1.3333333,0,90,47893483658.17091,30.256961451247165,70.47619047619047,55.53491388837284,60755798100
DDR4-1.3333333,0,100,46137417691.15443,30.272622826908542,68.57142857142857,53.749772843744324,58531246374
DDR4-1.3333333,0,120,42623270764.61769,29.352172765657986,66.66666666666666,52.43470331086758,54118476762
DDR4-1.3333333,0,140,39380811994.00,29.403946459793417,64.76190476190476,50.976501524412534,49964649678
DDR4-1.3333333,0,160,36569024287.85607,29.02,65.23809523809524,51.22173128054328,46391140434
DDR4-1.3333333,0,180,33995744527.73613,28.68,64.28571428571428,50.41290951032274,43143612192
DDR4-1.3333333,0,200,31720549325.337334,28.658188327962762,63.80952380952381,50.24547425613686,40245093456
DDR4-1.3333333,0,220,29802746626.68666,28.417337707525597,62.857142857142854,49.240090231002256,37816355826
DDR4-1.3333333,0,260,26763734932.533733,28.33131090273947,62.857142857142854,49.37960748449018,33964457772
DDR4-1.3333333,0,300,24283144827.586205,28.42020649595955,62.38095238095238,48.85811147145279,30825419292
DDR4-1.3333333,0,340,22302474362.818592,28.121816495193116,62.38095238095238,48.934765223369126,28291262370
DDR4-1.3333333,0,380,20599671364.31784,28.495915521020123,61.904761904761905,48.511657212791434,26135796102
DDR4-1.3333333,0,450,18312520539.730133,28.42401261130757,61.42857142857142,48.12046845301171,23230624686
DDR4-1.3333333,0,550,15903328335.832087,28.202898550724637,61.904761904761905,48.677395966934895,20169371316
DDR4-1.3333333,0,600,14967162818.590706,28.236500409292347,61.42857142857142,48.24073545601838,18982124940
DDR4-1.3333333,0,700,13396946326.836582,27.981002668007655,61.904761904761905,48.46957546173938,16979158422
DDR4-1.3333333,0,800,12225295352.32384,27.891686182669787,60.476190476190474,47.59211518980288,15489471264
DDR4-1.3333333,0,900,11176894752.623688,28.22567287784679,60.476190476190474,47.48903143722578,14170194900
DDR4-1.3333333,0,1000,10433967016.491755,27.799986116895735,60.00,47.297839182445976,13236261870
DDR4-1.3333333,0,2000,6669558020.989506,27.965581304390337,59.52380952380952,46.70440841761021,8436613692
DDR4-1.3333333,0,10000,3368395802.098951,27.458635066929997,58.57142857142857,46.12463065311576,4265387304
DDR4-1.3333333,10,0,84713240179.91005,70.60427901730641,224.28571428571428,167.81800919545023,1.0745E+11
DDR4-1.3333333,10,5,83549985007.49626,53.18,190.00,146.97793792444844,1.05982E+11
DDR4-1.3333333,10,10,78509279760.11993,49.55520098948671,150.95238095238093,118.12942795323569,99597689154
DDR4-1.3333333,10,15,51156764017.991005,35.64752288349895,84.28571428571428,66.12253890306347,64875338328
DDR4-1.3333333,10,20,44945885457.27137,33.03756356911696,75.71428571428571,59.57724673943117,56952003996
DDR4-1.3333333,10,25,46258115742.12894,33.134630981346305,79.04761904761905,62.17236380430909,58657647174
DDR4-1.3333333,10,30,45269291754.12294,33.05270457697642,77.14285714285714,60.615267765381695,57375728136
DDR4-1.3333333,10,35,43833408095.952034,32.83898041144168,75.23809523809524,58.942583223564576,55560571710
DDR4-1.3333333,10,40,43462313643.17842,32.408519598315515,76.19047619047619,60.036252000906295,55097443278
DDR4-1.3333333,10,45,43217626386.81,32.10685406237967,74.28571428571428,58.20945445523636,54781185408
DDR4-1.3333333,10,50,42692116341.82909,32.21791222399125,73.33333333333333,57.59470343986758,54140481756
DDR4-1.3333333,10,55,42371396701.64918,31.99,73.80952380952381,57.99821544995538,53708057970
DDR4-1.3333333,10,60,41322593103.44828,31.665242841322577,72.38095238095238,56.92444342311108,52391852076
DDR4-1.3333333,10,65,41360071964.01799,31.039685122340504,72.38095238095238,56.98,52424603700
DDR4-1.3333333,10,70,40733812293.85308,31.093219022768924,71.42857142857143,56.130248903256216,51640099950
DDR4-1.3333333,10,80,40236444977.511246,30.81454120109582,70.47619047619047,55.215384630384605,51040335834
DDR4-1.3333333,10,90,39869582009.00,30.906705539358597,70.00,55.16669912916748,50544967512
DDR4-1.3333333,10,100,38370226086.95653,30.332378831265245,69.52380952380952,54.640037866000945,48628485756
DDR4-1.3333333,10,120,36244744827.58621,30.01465431987773,67.14285714285714,52.881797072044925,45940805598
DDR4-1.3333333,10,140,34181258170.914547,29.333978418953787,66.66666666666666,52.454683311367084,43324769616
DDR4-1.3333333,10,160,32453334932.533737,29.656810872497143,64.76190476190476,50.893622772340564,41146786608
DDR4-1.3333333,10,180,30514038980.50975,29.087127158555727,66.19047619047619,51.843262296081555,38692461768
DDR4-1.3333333,10,200,28966390404.797604,28.95492835432045,63.80952380952381,50.23729400593235,36712523736
DDR4-1.3333333,10,220,27444332233.88306,29.196461417184896,65.23809523809524,51.082426277060655,34786830588
DDR4-1.3333333,10,260,24889523238.38081,28.796479268240066,64.28571428571428,50.554919013872976,31570006998
DDR4-1.3333333,10,300,22772572113.943027,29.11082039653468,63.80952380952381,50.253422756335574,28867998006
DDR4-1.3333333,10,340,21061910644.677658,29.032244027675034,63.33333333333333,49.73293474332337,26715602196
DDR4-1.3333333,10,380,19640870764.61769,29.030358412021524,63.33333333333333,49.66991899174797,24892257870
DDR4-1.3333333,10,450,17571876461.76912,28.985149804602692,63.33333333333333,49.583436489585914,22268545728
DDR4-1.3333333,10,550,15421207796.10195,28.374418934240364,62.857142857142854,49.300146482503656,19543508244
DDR4-1.3333333,10,600,14534946926.536734,28.492101443087694,61.904761904761905,48.65004421625111,18420741630
DDR4-1.3333333,10,700,13092413793.103449,28.374773242630383,61.904761904761905,48.758172468954314,16597397304
DDR4-1.3333333,10,800,11984033583.208395,28.39044784580499,61.904761904761905,48.66243496656087,15196753626
DDR4-1.3333333,10,900,11082861769.115442,28.542820063035695,61.904761904761905,48.70398046759951,14037141432
DDR4-1.3333333,10,1000,10272028785.607197,28.237318993987635,61.42857142857142,48.21764895544123,13019282358
DDR4-1.3333333,10,2000,6638459970.014993,28.002645502645503,59.52380952380952,46.89198342229959,8417167416
DDR4-1.3333333,10,10000,3385321739.130435,27.28,57.61904761904761,45.320467133011675,4286368818
DDR4-1.3333333,20,0,84639961619.19,66.45226480836237,216.19047619047618,161.71643429291083,1.07453E+11
DDR4-1.3333333,20,5,80266621889.05547,52.81706481042029,166.66666666666666,129.86531349663284,1.01887E+11
DDR4-1.3333333,20,10,73423304347.83,47.101852505708166,140.47619047619048,109.66638274165955,93184511742
DDR4-1.3333333,20,15,56443298350.82459,35.68584606617516,88.09523809523809,69.38394398459859,71689723140
DDR4-1.3333333,20,20,43197812293.85307,33.03498778152037,76.19047619047619,59.88459374711485,54812913540
DDR4-1.3333333,20,25,45113264167.916046,33.00523793052329,77.14285714285714,60.685271267131775,57282078960
DDR4-1.3333333,20,30,43076106746.626686,32.893391172894276,76.66666666666666,60.10127250253181,54688559724
DDR4-1.3333333,20,35,42261915442.27886,32.36708840305718,74.76190476190476,58.736605468415135,53623620186
DDR4-1.3333333,20,40,41451552623.688156,32.18,74.76190476190476,58.67203721680093,52607808096
DDR4-1.3333333,20,45,41069845877.06148,31.75294546723118,74.76190476190476,58.758542968963575,52128815592
DDR4-1.3333333,20,50,40262102548.72565,31.324325592305883,74.28571428571428,58.53793346344834,51104303844
DDR4-1.3333333,20,55,40124142728.63568,31.665242841322577,72.38095238095238,56.90154667253867,50921611194
DDR4-1.3333333,20,60,39922374812.59371,31.89316382290621,72.85714285714285,57.06444742661118,50653969014
DDR4-1.3333333,20,65,39957032683.65817,31.08,72.38095238095238,56.86307467157686,50715890058
DDR4-1.3333333,20,70,39533279760.11994,31.044318410735592,71.90,56.42969166074229,50168835582
DDR4-1.3333333,20,80,39233516041.97902,30.90974439662486,70.95238095238095,55.596806889920174,49806520740
DDR4-1.3333333,20,90,38110695052.47376,30.726109857035365,70.47619047619047,55.27051413176285,48371078460
DDR4-1.3333333,20,100,36891020089.95502,30.74621089970977,70.47619047619047,55.48416213710405,46814864568
DDR4-1.3333333,20,120,34576465367.31634,29.98552548772813,68.09523809523809,53.403361335084035,43857495252
DDR4-1.3333333,20,140,32449103448.275864,29.780392682237007,68.57142857142857,53.67976484199412,41163162414
DDR4-1.3333333,20,160,30476560119.940033,29.910622710622707,66.19047619047619,52.116217302905426,38674550724
DDR4-1.3333333,20,180,28741114242.87856,30.07202174468021,66.19047619047619,52.053540551338514,36476097948
DDR4-1.3333333,20,200,27241758320.83958,29.35026683087028,66.66666666666666,52.28075005701876,34579574214
DDR4-1.3333333,20,220,25883854872.56372,29.462997320140175,66.19047619047619,52.10972080274301,32852949522
DDR4-1.3333333,20,260,23639421889.055473,29.22,65.71428571428571,51.64368879109222,29991276360
DDR4-1.3333333,20,300,21755605397.30135,29.55408974869774,64.76190476190476,50.81,27598360818
DDR4-1.3333333,20,340,20195732533.733135,29.48352327944165,64.76190476190476,50.86869127171728,25616375814
DDR4-1.3333333,20,380,18892301049.475266,29.241861551487546,65.23809523809524,51.27088928177223,23983400298
DDR4-1.3333333,20,450,17024335832.083956,28.789719693374177,65.23809523809524,51.09844927746123,21593043474
DDR4-1.3333333,20,550,14944057571.214394,28.81247213473127,63.33333333333333,49.80574849514371,18966772614
DDR4-1.3333333,20,600,14133761919.040482,28.822784081920293,63.80952380952381,50.24196725604918,17942772612
DDR4-1.3333333,20,700,12801650374.812593,28.363860544217683,63.33333333333333,49.579548489488715,16231500252
DDR4-1.3333333,20,800,11734376011.994003,28.50667463638175,62.38095238095238,48.957100973927524,14886124938
DDR4-1.3333333,20,900,10846973313.343328,28.610787172011662,62.38095238095238,48.84756347118908,13749029484
DDR4-1.3333333,20,1000,10087388305.847076,28.791517452647017,61.904761904761905,48.62478571561964,12802302846
DDR4-1.3333333,20,2000,6592450974.512744,28.18,60.476190476190474,47.498899937472494,8351664168
DDR4-1.3333333,20,10000,3359865667.1664166,27.53128564557136,57.61904761904761,45.32066888301672,4252593702
DDR4-1.3333333,30,0,85111201199.40,64.31234758054165,212.38095238095238,158.25916145647903,1.08014E+11
DDR4-1.3333333,30,5,79768515742.12894,51.198685489233284,158.57142857142856,123.78847059471175,1.01286E+11
DDR4-1.3333333,30,10,74107058470.76463,48.28035895209147,137.14285714285714,107.57449843936246,94063176414
DDR4-1.3333333,30,15,52053368515.742134,36.35,88.57142857142857,69.51948548798714,66059002500
DDR4-1.3333333,30,20,47271925637.18141,32.188128206365285,76.66666666666666,60.20015700500392,60010698648
DDR4-1.3333333,30,25,49564382608.695656,33.214518002322876,78.09523809523809,61.50,62875954026
DDR4-1.3333333,30,30,47113144227.88606,32.60623962503662,75.71428571428571,59.462028736550714,59804465766
DDR4-1.3333333,30,35,46343618590.70464,32.20385648349174,75.71428571428571,59.65429499135737,58786094958
DDR4-1.3333333,30,40,45497187406.29685,32.48370756417125,75.71428571428571,59.458952986473825,57730366818
DDR4-1.3333333,30,45,44585739130.434784,31.777127634270492,75.23809523809524,59.103920227597996,56555402298
DDR4-1.3333333,30,50,43737292953.52324,31.478484234340385,74.76190476190476,58.65698846642471,55507350324
DDR4-1.3333333,30,55,43025261769.11544,31.33533505356165,73.80952380952381,57.94355919858898,54594910542
DDR4-1.3333333,30,60,42216376611.69415,31.08390022675737,72.85714285714285,57.13891642847291,53571422292
DDR4-1.3333333,30,65,41410782608.695656,31.006585777819097,72.38095238095238,56.95426267385656,52548957522
DDR4-1.3333333,30,70,40522439580.21,30.832517622433585,71.42857142857143,56.05424090135602,51440007996
DDR4-1.3333333,30,80,38994403598.20,30.69997548568977,70.47619047619047,55.197345629933636,49497427284
DDR4-1.3333333,30,90,37726368815.59221,30.670926028068884,69.52380952380952,54.68501761712543,47878780608
DDR4-1.3333333,30,100,36340255472.26387,30.384429664723033,70.47619047619047,55.23083688077092,46111728138
DDR4-1.3333333,30,120,33899562218.89056,29.716201764548615,68.57142857142857,53.85893309647332,43032051978
DDR4-1.3333333,30,140,31692943928.035984,29.88,68.09523809523809,53.675154591878865,40213877058
DDR4-1.3333333,30,160,29792537331.334335,29.79,67.14285714285714,52.69527281738182,37795886058
DDR4-1.3333333,30,180,28163617391.304348,29.608281573498964,67.14285714285714,52.85111082127777,35754538734
DDR4-1.3333333,30,200,26709128635.682163,29.930193615907903,67.14285714285714,52.57,33878484756
DDR4-1.3333333,30,220,25430078560.71964,29.738258622226184,66.19047619047619,52.14,32257791108
DDR4-1.3333333,30,260,23238169715.14243,29.394425588810037,66.19047619047619,51.90334704758367,29478508746
DDR4-1.3333333,30,300,21449393703.148422,29.624844720496892,65.23809523809524,51.21383003034575,27227346324
DDR4-1.3333333,30,340,19920484557.721138,29.419226870013663,65.23809523809524,51.20594078014852,25287836082
DDR4-1.3333333,30,380,18614299250.374813,29.61076604554865,65.23809523809524,51.156395778909896,23627226384
DDR4-1.3333333,30,450,16772663268.365818,29.65781868302877,64.28571428571428,50.48089401202235,21276785610
DDR4-1.3333333,30,550,14806366416.791607,29.24481037050013,63.80952380952381,50.30,18777939030
DDR4-1.3333333,30,600,14009772713.643179,28.711013519331782,64.28571428571428,50.41754601043865,17767756122
DDR4-1.3333333,30,700,12662347226.386806,28.857286982589645,63.33333333333333,49.77509299437732,16049831088
DDR4-1.3333333,30,800,11668351424.287855,28.743792875800107,62.38095238095238,49.10143772753594,14793499248
DDR4-1.3333333,30,900,10812181109.445276,28.554856743535986,62.857142857142854,49.23985998099649,13702972512
DDR4-1.3333333,30,1000,10044334632.683657,28.774057614589175,61.904761904761905,48.73758496843963,12743452272
DDR4-1.3333333,30,2000,6585801499.250376,28.18884241067027,60.95238095238095,47.98273919956848,8345523240
DDR4-1.3333333,30,10000,3380082758.62,27.332076605742696,57.14285714285714,44.79390486984762,4278180912
DDR4-1.3333333,40,0,85664988305.84709,59.967334951601785,196.66666666666666,147.76,1.0856E+11
DDR4-1.3333333,40,5,81726483958.02,50.810310691440755,155.23809523809524,120.30419550760487,1.03509E+11
DDR4-1.3333333,40,10,74182083358.32083,47.98,131.42857142857142,103.22058633051465,93895324338
DDR4-1.3333333,40,15,56555936431.78411,35.858181167203725,89.52380952380952,70.42,71603750124
DDR4-1.3333333,40,20,44264885157.421295,32.66989673567269,76.19047619047619,59.707253992681345,56064639678
DDR4-1.3333333,40,25,45852833583.208405,33.216127426580385,78.57142857142857,61.751151793778796,58111616190
DDR4-1.3333333,40,30,42483967616.19,32.666340397070094,75.71428571428571,59.393216984830424,53774584710
DDR4-1.3333333,40,35,43106465967.01649,32.113833269156714,73.33333333333333,57.78235119455878,54554482758
DDR4-1.3333333,40,40,40638368815.59221,32.10650109100244,74.28571428571428,58.394100709852516,51459966018
DDR4-1.3333333,40,45,41548540929.535225,32.13708124759338,72.85714285714285,57.11689417792235,52587338328
DDR4-1.3333333,40,50,39339034482.75862,32.188964474678755,73.80952380952381,57.990512949762824,49808055972
DDR4-1.3333333,40,55,39914650674.66267,31.28662131519274,71.90,56.45253966131349,50530126932
DDR4-1.3333333,40,60,37658194902.54873,31.58527076723961,72.85714285714285,57.26852843171321,47672547732
DDR4-1.3333333,40,65,38686982908.54573,31.50773179642227,70.95238095238095,55.59530313988258,48974424792
DDR4-1.3333333,40,70,36254080959.52025,31.257738875366663,71.42857142857143,56.17957415448935,45875814096
DDR4-1.3333333,40,80,35140663268.365814,31.088777063336746,70.47619047619047,55.358033883950846,44482334832
DDR4-1.3333333,40,90,34131084857.57121,31.049850464103635,70.00,55.05784112644603,43200927534
DDR4-1.3333333,40,100,32786950524.737633,31.31916490734225,70.00,55.09459187736479,41498354820
DDR4-1.3333333,40,120,30744822788.605694,30.661334804191945,69.52380952380952,54.48319336207983,38915070462
DDR4-1.3333333,40,140,28995809295.35232,30.861678004535147,68.57142857142857,53.81859659546491,36692565720
DDR4-1.3333333,40,160,27526006596.70165,30.466328813404555,69.04761904761905,54.289407607235184,34814976516
DDR4-1.3333333,40,180,26119205997.00,30.175603722642048,69.04761904761905,54.14821110370528,33070440780
DDR4-1.3333333,40,200,24837066266.86657,30.251035525321235,68.09523809523809,53.312079582801985,31413925038
DDR4-1.3333333,40,220,23789874662.66867,30.17640315549723,67.61904761904762,53.009018075225455,30086972514
DDR4-1.3333333,40,260,21866900149.925037,29.877968731352187,65.71428571428571,51.577777289444434,27653117442
DDR4-1.3333333,40,300,20268809595.20,29.887441818832794,67.14285714285714,52.71059156776479,25633775112
DDR4-1.3333333,40,340,18873695952.023987,30.21789824577281,65.23809523809524,51.36467153411679,23888727636
DDR4-1.3333333,40,380,17774584707.64618,29.58136645962733,64.76190476190476,51.04278952606974,22481431284
DDR4-1.3333333,40,450,16078699850.074963,29.788475565280816,64.76190476190476,50.79329001983225,20332617690
DDR4-1.3333333,40,550,14240758020.989506,29.459021703919664,65.23809523809524,51.27003353175084,18003670164
DDR4-1.3333333,40,600,13508509745.127438,29.44690343669935,64.28571428571428,50.52287301307182,17098906548
DDR4-1.3333333,40,700,12276476161.919043,29.227059063968934,62.857142857142854,49.29772473244312,15537575214
DDR4-1.3333333,40,800,11327011694.152924,29.03639238211276,62.857142857142854,49.41567573539189,14317577214
DDR4-1.3333333,40,900,10553791904.047976,28.86166839617203,63.33333333333333,49.64864374121609,13340145930
DDR4-1.3333333,40,1000,9856805997.00,28.663057644110275,62.857142857142854,49.388918734722964,12472739628
DDR4-1.3333333,40,2000,6494522338.830585,28.140917524034407,60.476190476190474,47.62677494066937,8209911042
DDR4-1.3333333,40,10000,3415546626.686657,26.92987550751526,56.666666666666664,44.55351186383779,4317073464
DDR4-1.3333333,50,0,87363156821.58922,55.838742054198725,199.52380952380952,149.9163284979082,1.10954E+11
DDR4-1.3333333,50,5,83993417691.15442,47.94505125994059,159.52380952380952,123.61294584032365,1.06664E+11
DDR4-1.3333333,50,10,81029027886.05698,45.21689606074988,138.57142857142856,108.06693045167326,1.02884E+11
DDR4-1.3333333,50,15,54946360419.79011,35.272073596277885,87.14285714285714,68.64557496613938,69753283356
DDR4-1.3333333,50,20,39425880659.670166,32.45380628441853,74.28571428571428,58.31825470795636,50049087456
DDR4-1.3333333,50,25,42064714842.57872,32.66637302402975,76.66666666666666,60.39668700991717,53380029990
DDR4-1.3333333,50,30,41062726236.88156,32.30101234806719,74.28571428571428,58.33198870829971,52117045476
DDR4-1.3333333,50,35,38256714842.57872,32.02957983193277,73.33333333333333,57.65125644128141,48556841580
DDR4-1.3333333,50,40,38636540929.53523,32.048211284513805,73.80952380952381,57.81,49046068968
DDR4-1.3333333,50,45,37018031784.107956,31.806980736219717,72.38095238095238,56.85238492130962,46992951522
DDR4-1.3333333,50,50,37155118440.77961,31.187689721197398,71.90,56.33314715832868,47164385808
DDR4-1.3333333,50,55,35584498950.52474,31.31,72.38095238095238,56.80366717009167,45161419290
DDR4-1.3333333,50,60,35577312143.92804,31.818074893508804,72.38095238095238,56.74088466852211,45153743124
DDR4-1.3333333,50,65,34607697751.12444,31.360747985830276,70.95238095238095,55.609595140239875,43947562218
DDR4-1.3333333,50,70,34454222488.75562,31.00729859141834,71.42857142857143,56.02673090066826,43754122938
DDR4-1.3333333,50,80,33281429685.15742,30.983812615955472,70.95238095238095,55.878785146969626,42221961018
DDR4-1.3333333,50,90,32189773913.04348,31.11831764669338,70.47619047619047,55.45706763642669,40832575716
DDR4-1.3333333,50,100,31057079460.269863,30.946536796536794,69.52380952380952,54.553553113838824,39401227386
DDR4-1.3333333,50,120,29303498650.674667,30.554894603581342,69.52380952380952,54.74299036857475,37212497748
DDR4-1.3333333,50,140,27677937031.48426,30.73455567328511,69.52380952380952,54.76,35127140430
DDR4-1.3333333,50,160,26268718440.779613,30.653934546791685,70.00,54.96582662414566,33347294352
DDR4-1.3333333,50,180,24991549025.487255,30.277838246409672,69.04761904761905,54.33321285833032,31710736626
DDR4-1.3333333,50,200,23859123238.38081,29.80032450617008,67.61904761904762,53.14553832863845,30271712142
DDR4-1.3333333,50,220,22838999700.14992,29.97620546015763,67.61904761904762,53.03844582596115,28974440778
DDR4-1.3333333,50,260,21059962818.59071,29.730089415678933,67.14285714285714,52.561829064045725,26716113942
DDR4-1.3333333,50,300,19610310044.977512,29.68168007943918,66.66666666666666,52.408586810214665,24893793102
DDR4-1.3333333,50,340,18325617991.004498,29.601064773735583,66.66666666666666,52.30444780761119,23243418288
DDR4-1.3333333,50,380,17236178710.64468,29.611076604554864,65.71428571428571,51.59874203996855,21864779610
DDR4-1.3333333,50,450,15615520239.88006,29.499278499278496,65.71428571428571,51.646120291153004,19801427286
DDR4-1.3333333,50,550,13910299250.374815,29.231861843449824,64.76190476190476,50.868068021701696,17638284858
DDR4-1.3333333,50,600,13193633583.208397,29.432391531126488,64.28571428571428,50.58,16726868568
DDR4-1.3333333,50,700,12059528635.682158,29.11614047328333,64.28571428571428,50.34503450862586,15285797100
DDR4-1.3333333,50,800,11108989505.247377,28.97190620929223,64.28571428571428,50.418272010456796,14078592702
DDR4-1.3333333,50,900,10272028785.607197,29.035580116908168,62.38095238095238,49.03258172581454,13015700148
DDR4-1.3333333,50,1000,9747660569.715143,28.77487739281759,62.857142857142854,49.482036487050905,12367320342
DDR4-1.3333333,50,2000,6469536431.784108,28.02365555275608,61.42857142857142,48.18860295471507,8206328838
DDR4-1.3333333,50,10000,3433077061.4692655,26.731185807656395,56.19047619047619,44.297612607440314,4347266364
DDR4-1.3333333,60,0,86838049775.11246,57.03808385278797,179.52380952380952,135.2808963820224,1.09755E+11
DDR4-1.3333333,60,5,78203471064.46777,47.77858933046903,134.76190476190476,105.05869837646745,98904787602
DDR4-1.3333333,60,10,74286392803.60,45.89640165830642,120.00,94.09240285231007,93850290858
DDR4-1.3333333,60,15,55536551724.13794,35.04,84.28571428571428,66.07,70247628186
DDR4-1.3333333,60,20,41775026086.95652,32.696406140393805,74.76190476190476,58.73345321833632,52840139934
DDR4-1.3333333,60,25,43931471064.467766,32.430984774862324,76.66666666666666,60.09741900243547,55567224384
DDR4-1.3333333,60,30,43585496851.57421,32.26462907437856,73.80952380952381,57.97099269927482,55142988510
DDR4-1.3333333,60,35,41132713643.17841,32.037551020408166,72.85714285714285,57.16251592906289,52008043980
DDR4-1.3333333,60,40,41251329535.23238,31.633142352068436,72.38095238095238,56.89386142234653,52181013492
DDR4-1.3333333,60,45,39801945427.28636,31.66155671570954,74.28571428571428,58.20292945507323,50354086956
DDR4-1.3333333,60,50,39852387406.29685,31.677677582660966,73.33333333333333,57.73,50416007994
DDR4-1.3333333,60,55,38299835682.15893,31.674023097611133,70.95238095238095,55.859077396476934,48447328338
DDR4-1.3333333,60,60,38406898950.52474,31.133190118152523,71.42857142857143,56.01057065026426,48578846580
DDR4-1.3333333,60,65,37177014692.65368,31.12547758829559,72.38095238095238,56.70,47036449776
DDR4-1.3333333,60,70,36981358920.539734,31.29307999061694,70.95238095238095,55.77,46809235386
DDR4-1.3333333,60,80,35758527136.431786,31.08,70.95238095238095,55.59628113990702,45230504748
DDR4-1.3333333,60,90,34674058170.91454,30.68925047496476,69.52380952380952,54.802878620071965,43867218390
DDR4-1.3333333,60,100,33435643778.110943,30.91367794283246,70.47619047619047,55.35808713395218,42305887056
DDR4-1.3333333,60,120,31339514242.878563,30.535523626490956,69.04761904761905,54.14845335371133,39632023992
DDR4-1.3333333,60,140,29548454572.713646,30.431745019436345,68.09523809523809,53.662073841551845,37367044482
DDR4-1.3333333,60,160,27967827286.356823,30.519050669595195,67.61904761904762,53.05,35379430284
DDR4-1.3333333,60,180,26526032983.508247,30.39003279883382,67.14285714285714,52.789499069737474,33547898052
DDR4-1.3333333,60,200,25288424587.70615,30.01718661032695,67.14285714285714,52.57769531444239,31982984508
DDR4-1.3333333,60,220,24100855172.413795,29.875910013128056,67.14285714285714,52.923996573099906,30482550720
DDR4-1.3333333,60,260,22142819790.104946,29.63994486683562,66.19047619047619,51.90,28011850074
DDR4-1.3333333,60,300,20475346326.83658,29.502223400182583,66.66666666666666,52.23850330596258,25913187402
DDR4-1.3333333,60,340,19067605397.30135,29.62058562555457,66.19047619047619,51.851226546280664,24131806098
DDR4-1.3333333,60,380,17879162818.590706,29.77927626192709,65.71428571428571,51.594598289864955,22628301852
DDR4-1.3333333,60,450,16164269865.067467,29.47527755691021,64.76190476190476,50.76442776911069,20440083960
DDR4-1.3333333,60,550,14299528635.68216,29.14845081501551,64.28571428571428,50.618461265461534,18096295854
DDR4-1.3333333,60,600,13521405697.151424,29.44800987349583,63.80952380952381,50.26338950658473,17114258868
DDR4-1.3333333,60,700,12305626386.806597,28.946155957074975,64.76190476190476,50.78320626958015,15556509744
DDR4-1.3333333,60,800,11374498350.824589,28.57664826937064,62.38095238095238,49.057935476448385,14379498252
DDR4-1.3333333,60,900,10568971514.24288,28.65187253848908,63.33333333333333,49.72967524324187,13360615692
DDR4-1.3333333,60,1000,9868291454.272863,28.749590975630756,62.38095238095238,48.83920997098024,12489627186
DDR4-1.3333333,60,2000,6474506746.626687,28.39345238095238,61.42857142857142,48.08408670210217,8188929534
DDR4-1.3333333,60,10000,3403591004.497751,27.058641349183805,56.666666666666664,44.67474936686873,4302232884
DDR4-1.3333333,70,0,87315737331.33435,56.04868284762464,180.00,137.20,1.10888E+11
DDR4-1.3333333,70,5,80267293553.22,45.65436241610738,131.9047619047619,103.12042682801066,1.01932E+11
DDR4-1.3333333,70,10,73627691754.12296,43.92657450076805,120.47619047619047,94.40397686009942,93490022994
DDR4-1.3333333,70,15,52841297751.12444,36.18510276451006,87.14285714285714,68.55772371394309,67071232386
DDR4-1.3333333,70,20,47284687256.37181,31.655165321942732,73.33333333333333,57.60306294007657,60028097952
DDR4-1.3333333,70,25,49415541829.085464,31.878666220586595,75.71428571428571,59.35607623390191,62722942530
DDR4-1.3333333,70,30,47436013193.40,32.102586317545885,74.28571428571428,58.45436696135917,60204137934
DDR4-1.3333333,70,35,46341469265.36732,31.50410997732426,73.33333333333333,57.629208690730216,58821917046
DDR4-1.3333333,70,40,45299785307.34634,31.406987679864574,72.38095238095238,57.050219926255494,57494964516
DDR4-1.3333333,70,45,44632419790.10495,31.581798380605143,71.90,56.46616116165403,56652633684
DDR4-1.3333333,70,50,43677649175.41229,30.757175104804897,72.85714285714285,57.054129676353234,55442870562
DDR4-1.3333333,70,55,42650741829.085464,30.877720702793585,72.38095238095238,56.68820991720524,54156857574
DDR4-1.3333333,70,60,41986734632.68366,30.837227198571732,71.42857142857143,55.984254649606356,53311456272
DDR4-1.3333333,70,65,41254687856.07196,30.629427501337613,70.47619047619047,55.48,52370870562
DDR4-1.3333333,70,70,40506655472.26386,30.22154848635685,70.00,55.126232878155825,51415444278
DDR4-1.3333333,70,80,38973447676.16192,29.985765231202613,70.00,54.93353687333842,49460581710
DDR4-1.3333333,70,90,37489338530.734634,30.187549964553448,69.52380952380952,54.50655886266397,47578386810
DDR4-1.3333333,70,100,36273559220.38981,30.061239506840263,69.52380952380952,54.79411111985278,46055948028
DDR4-1.3333333,70,120,33856642878.56072,30.020078515987894,67.61904761904762,53.07049107676228,42954778608
DDR4-1.3333333,70,140,31731698950.524742,29.561792612923693,67.14285714285714,52.59261506481538,40259934036
DDR4-1.3333333,70,160,29915586206.896553,29.524901500730444,68.09523809523809,53.43,37982672664
DDR4-1.3333333,70,180,28284919940.029987,29.54446854663774,66.66666666666666,52.26638605665965,35891686152
DDR4-1.3333333,70,200,26856961919.040478,29.670505239132687,66.66666666666666,52.32701755817544,34079600196
DDR4-1.3333333,70,220,25539223988.01,29.526908377233756,66.66666666666666,52.371290059282245,32425643178
DDR4-1.3333333,70,260,23375054872.56372,29.030126336248784,65.71428571428571,51.55679153891978,29657619186
DDR4-1.3333333,70,300,21561292953.52324,29.04593649826668,65.23809523809524,51.23422853085571,27353747130
DDR4-1.3333333,70,340,19973814692.653675,29.670357031701567,64.76190476190476,50.82400102060002,25351804098
DDR4-1.3333333,70,380,18696443778.110947,29.477662926642516,65.71428571428571,51.429067285726674,23715758124
DDR4-1.3333333,70,450,16830090554.722637,29.418786088949616,64.28571428571428,50.41724376043109,21349453272
DDR4-1.3333333,70,550,14845591604.197903,28.81150853576103,62.857142857142854,49.49295648732391,18822460770
DDR4-1.3333333,70,600,14025892653.673164,28.78290259021156,63.80952380952381,50.26885850672146,17784643680
DDR4-1.3333333,70,700,12698549925.037481,28.742673440684293,63.33333333333333,49.692631992315796,16098958518
DDR4-1.3333333,70,800,11664791604.20,28.70794224862941,63.33333333333333,49.564812489120314,14788381812
DDR4-1.3333333,70,900,10808957121.439281,28.451365514890714,63.33333333333333,49.90,13698878562
DDR4-1.3333333,70,1000,10072477361.31934,28.71089870547375,62.38095238095238,48.98602847465071,12777227388
DDR4-1.3333333,70,2000,6590368815.592204,28.07955677116207,60.95238095238095,47.739938693498466,8358316842
DDR4-1.3333333,70,10000,3388881559.22,27.228054421768707,57.61904761904761,45.25155113128878,4288927536
DDR4-1.3333333,80,0,88665580809.60,57.20665409020751,182.38095238095238,139.0849039771226,1.12585E+11
DDR4-1.3333333,80,5,78253039880.05997,42.163644405130476,117.61904761904762,91.25,99324417792
DDR4-1.3333333,80,10,73118368815.59221,41.03104253749693,110.95238095238095,86.53242591331065,92821173414
DDR4-1.3333333,80,15,60204214692.65368,33.66,81.42857142857143,63.95582109889553,76424891550
DDR4-1.3333333,80,20,42546701049.47526,31.917984992591883,72.38095238095238,57.008933175223326,54014592702
DDR4-1.3333333,80,25,44278654272.86357,32.57881717280213,74.28571428571428,58.37279845931995,56199228384
DDR4-1.3333333,80,30,43213260569.71514,31.87514537430897,74.28571428571428,58.20912895522822,54843618192
DDR4-1.3333333,80,35,41882156521.739136,31.817884163010994,71.42857142857143,56.17022315425558,53164585710
DDR4-1.3333333,80,40,41134728635.68216,31.669514317354846,71.90,56.38644290966107,52206600696
DDR4-1.3333333,80,45,40842823388.305855,31.434949961508853,71.90,56.57825091445626,51835074462
DDR4-1.3333333,80,50,40451713343.32835,31.272015228109588,70.00,55.115824377895606,51355058472
DDR4-1.3333333,80,55,40049117841.07947,31.01,71.90,56.45708166142703,50845873062
DDR4-1.3333333,80,60,40023191604.19791,31.16200438985663,70.47619047619047,55.274409631860244,50798792604
DDR4-1.3333333,80,65,39350654272.86356,30.682509039651897,70.95238095238095,55.61247364031184,49942132932
DDR4-1.3333333,80,70,39468934332.83358,30.761198384545686,69.52380952380952,54.52512661312816,50096679660
DDR4-1.3333333,80,80,38977007496.25187,30.21798874760547,69.04761904761905,54.203160605079006,49496915544
DDR4-1.3333333,80,90,37967630584.70765,30.18914883026381,69.04761904761905,54.30450210761256,48202202898
DDR4-1.3333333,80,100,36676087556.221886,29.919084996636016,68.09523809523809,53.347298833682466,46533917040
DDR4-1.3333333,80,120,34362271664.167915,29.734159165849746,67.61904761904762,53.22818833070471,43603670166
DDR4-1.3333333,80,140,32215162818.590706,29.852428690774552,66.66666666666666,52.512813562820334,40883750124
DDR4-1.3333333,80,160,30359757721.13943,29.75418114844191,67.14285714285714,52.776485819412144,38549173416
DDR4-1.3333333,80,180,28707598200.89955,29.605412599822536,66.19047619047619,52.02,36433623186
DDR4-1.3333333,80,200,27234437181.409294,29.553440465123142,66.66666666666666,52.26736180668404,34579574214
DDR4-1.3333333,80,220,25881101049.47526,29.99694327070035,66.66666666666666,52.361147809028694,32840155926
DDR4-1.3333333,80,260,23665818290.854572,28.72893883291713,65.23809523809524,51.073597276839934,30029145426
DDR4-1.3333333,80,300,21770449175.412296,29.224635777057603,65.23809523809524,51.05120002627999,27637765116
DDR4-1.3333333,80,340,20203053673.16342,29.29889547216736,64.76190476190476,50.95884202397105,25633775112
DDR4-1.3333333,80,380,18897002698.650673,29.194350973794226,64.76190476190476,50.88042052201051,23989029486
DDR4-1.3333333,80,450,17008350224.887554,29.023686233555253,64.28571428571428,50.468183011704575,21568991502
DDR4-1.3333333,80,550,14940161919.04048,28.78851159914283,63.80952380952381,50.09089475227237,18945791106
DDR4-1.3333333,80,600,14129396101.949026,28.740606791239703,63.33333333333333,49.628030740700765,17918720640
DDR4-1.3333333,80,700,12781097451.274364,28.533678460902177,62.38095238095238,48.98116772452919,16206936534
DDR4-1.3333333,80,800,11735517841.07946,28.496911735405458,62.38095238095238,49.08810572720264,14879984010
DDR4-1.3333333,80,900,10850667466.266869,28.560589854390393,62.38095238095238,48.82556672063916,13765917042
DDR4-1.3333333,80,1000,10094104947.526237,28.654020766201217,61.904761904761905,48.465478211636956,12803838078
DDR4-1.3333333,80,2000,6587413493.253374,28.19881410120984,60.95238095238095,47.778178944454474,8349105450
DDR4-1.3333333,80,10000,3383642578.7106447,27.27592600166319,58.095238095238095,45.45736613643415,4282274862
DDR4-1.3333333,90,0,91012375412.29385,58.18233618233618,171.42857142857142,132.37,1.15429E+11
DDR4-1.3333333,90,5,86429879460.26987,42.54477040816327,120.00,94.12682710317067,1.09608E+11
DDR4-1.3333333,90,10,78882926536.73164,40.29,100.95238095238095,79.13412197835304,1.00069E+11
DDR4-1.3333333,90,15,53144621289.35532,34.39747818319247,80.95238095238095,63.48592583714814,67376743626
DDR4-1.3333333,90,20,43868267466.26687,31.729032871890013,71.42857142857143,56.300363907509094,55606116942
DDR4-1.3333333,90,25,45833019490.25487,32.10009947375176,72.38095238095238,56.79542991988575,58101893052
DDR4-1.3333333,90,30,43557219790.10494,31.661066286979906,72.85714285714285,57.168336679208416,55202862570
DDR4-1.3333333,90,35,42934788605.69716,31.62079959594046,71.42857142857143,56.293782657344565,54418870566
DDR4-1.3333333,90,40,42414920539.73014,31.313034639143012,70.95238095238095,55.82618089565452,53754626688
DDR4-1.3333333,90,45,42181114242.87856,31.169476486246673,70.00,54.931516373287906,53456279856
DDR4-1.3333333,90,50,41291898050.97452,31.259533171066593,70.95238095238095,55.87959964698999,52327372314
DDR4-1.3333333,90,55,41141982608.695656,31.368977083921123,70.00,54.822152120553795,52137515244
DDR4-1.3333333,90,60,40767865667.16642,30.638370404341515,69.52380952380952,54.47881861197047,51692297850
DDR4-1.3333333,90,65,40325977811.09445,30.494285409913402,68.57142857142857,53.872826846820665,51142172916
DDR4-1.3333333,90,70,39872537331.334335,30.663755592327018,68.57142857142857,53.876709596917735,50530126938
DDR4-1.3333333,90,80,39531802098.95053,30.351317364362224,68.57142857142857,53.907194847679875,50108961516
DDR4-1.3333333,90,90,38567359520.23988,30.178017104846372,68.09523809523809,53.35408483385212,48898686654
DDR4-1.3333333,90,100,37734563118.44078,30.003716023854476,66.66666666666666,52.52836706320917,47824023984
DDR4-1.3333333,90,120,36020610494.752625,29.69045395936152,66.19047619047619,52.01203180030079,45670092954
DDR4-1.3333333,90,140,33951481859.07046,29.256795422031473,64.76190476190476,50.98941727473543,43040239878
DDR4-1.3333333,90,160,32178758620.689655,29.551315537060812,65.23809523809524,51.424698535617466,40787542224
DDR4-1.3333333,90,180,30423632983.508244,28.936984560278464,64.76190476190476,50.82453877061347,38569643178
DDR4-1.3333333,90,200,28847371514.24288,29.205541444045426,65.23809523809524,51.062786776569666,36571282362
DDR4-1.3333333,90,220,27351508245.87706,29.22497153367785,64.76190476190476,50.934497023362425,34673735136
DDR4-1.3333333,90,260,24877433283.358322,28.973107540888694,63.80952380952381,50.07432425185811,31534184910
DDR4-1.3333333,90,300,22818581109.445274,28.753480295071615,63.33333333333333,49.90312624757815,28926848574
DDR4-1.3333333,90,340,21092941529.235386,28.73641608542151,63.80952380952381,49.98,26741189406
DDR4-1.3333333,90,380,19670020989.50525,28.433471091985854,64.28571428571428,50.47368351184208,24944967516
DDR4-1.3333333,90,450,17626549925.037483,28.259096169588165,62.857142857142854,49.449091236227275,22338654672
DDR4-1.3333333,90,550,15398505547.226387,28.571899199931547,62.857142857142854,49.19617772990444,19514338830
DDR4-1.3333333,90,600,14534678260.869566,28.392928004535147,62.38095238095238,48.84670922116773,18428929536
DDR4-1.3333333,90,700,13092749625.187407,28.257543681372965,61.904761904761905,48.65111521627787,16588697652
DDR4-1.3333333,90,800,11970264467.766117,28.50041271738821,61.42857142857142,48.301853707546336,15167072466
DDR4-1.3333333,90,900,11104019190.404799,28.23851864397211,61.904761904761905,48.601657965041454,14062728636
DDR4-1.3333333,90,1000,10247848875.56222,28.532722942426442,61.42857142857142,48.37224270930607,12988065966
DDR4-1.3333333,90,2000,6657400899.550225,27.753744267564457,61.42857142857142,48.14166345354159,8438148924
DDR4-1.3333333,90,10000,3391635382.308846,27.223482993197276,57.14285714285714,44.84,4293533232
DDR4-1.3333333,100,0,95249098650.67467,60.544489795918366,164.28571428571428,127.39,1.20963E+11
DDR4-1.3333333,100,5,94141457271.36432,46.78299085957407,120.95238095238095,95.16,1.19537E+11
DDR4-1.3333333,100,10,94027072863.56822,39.54860781521911,104.28571428571428,81.83993004599826,1.19397E+11
DDR4-1.3333333,100,15,83668063568.22,29.914405322568587,69.52380952380952,54.630375615759384,1.06233E+11
DDR4-1.3333333,100,20,68055364317.84108,29.547139463160534,67.14285714285714,52.65845231646131,86401343328
DDR4-1.3333333,100,25,70674250074.96252,29.598284531203785,68.09523809523809,53.34602458365061,89728191900
DDR4-1.3333333,100,30,67874082158.92055,29.49100332773802,66.19047619047619,51.878893296972336,86164917540
DDR4-1.3333333,100,35,66167920839.58021,29.654113497250748,66.19047619047619,52.038483550962084,84017639178
DDR4-1.3333333,100,40,63634134932.53373,29.59892043774031,65.71428571428571,51.61149429028736,80786998500
DDR4-1.3333333,100,45,62139211994.00,29.420079046737484,65.71428571428571,51.47717753692944,78902756622
DDR4-1.3333333,100,50,60266477961.01949,29.048286265465673,66.19047619047619,51.843948546098716,76506258870
DDR4-1.3333333,100,55,59118268065.967026,29.39909786808892,65.23809523809524,51.28158278203957,75048299850
DDR4-1.3333333,100,60,56920717241.37932,29.47,65.23809523809524,51.205353530133834,72274646676
DDR4-1.3333333,100,65,55390599100.449776,28.937157878013203,64.76190476190476,50.86180552154513,70311596202
DDR4-1.3333333,100,70,53972783208.395805,29.276307512252213,65.23809523809524,51.15157777878944,68529191406
DDR4-1.3333333,100,80,51082746626.68665,29.24448921199381,64.28571428571428,50.503040012575994,64844121942
DDR4-1.3333333,100,90,48554938530.73464,29.08126925984069,64.28571428571428,50.66229726655743,61630368810
DDR4-1.3333333,100,100,46377000299.850075,28.792020825243416,63.80952380952381,50.248190756204764,58883838084
DDR4-1.3333333,100,120,42412838380.81,28.782212250650787,63.33333333333333,49.854638746365964,53847764118
DDR4-1.3333333,100,140,39006627886.05698,28.854058572581575,63.33333333333333,49.71,49519432284
DDR4-1.3333333,100,160,36184160719.64018,28.556282890514694,63.80952380952381,50.03382575084564,45934664664
DDR4-1.3333333,100,180,33758982908.545727,28.675546007876836,62.857142857142854,49.32303798307595,42857547222
DDR4-1.3333333,100,200,31670577511.244377,28.544303255893553,62.857142857142854,49.20,40204665666
DDR4-1.3333333,100,220,29802679460.269863,28.44096970729837,62.857142857142854,49.52,37833243378
DDR4-1.3333333,100,260,26766555922.03898,28.304298018583733,62.38095238095238,48.971053974276344,33973669170
DDR4-1.3333333,100,300,24313705547.226387,28.416002726769204,62.857142857142854,49.51800723795017,30861241380
DDR4-1.3333333,100,340,22331288755.62219,28.19543386712863,61.42857142857142,48.40875721021892,28340389806
DDR4-1.3333333,100,380,20649374512.743626,28.42361495746524,61.904761904761905,48.72,26209487256
DDR4-1.3333333,100,450,18335827286.35682,28.272221751771248,61.42857142857142,48.39,23266958520
DDR4-1.3333333,100,550,15868737631.184408,28.592508431944204,61.904761904761905,48.67421671685542,20139178410
DDR4-1.3333333,100,600,14940766416.791605,28.65190118152524,61.904761904761905,48.785353219633826,18958072962
DDR4-1.3333333,100,700,13406013793.103447,27.856127318002862,61.42857142857142,48.18690570467264,17010886554
DDR4-1.3333333,100,800,12188152323.838081,28.388066893424035,60.476190476190474,47.55196918879923,15465931032
DDR4-1.3333333,100,900,11179111244.377811,28.23692381516922,61.42857142857142,48.24610695615267,14184523740
DDR4-1.3333333,100,1000,10388092353.823088,28.329203614917898,60.95238095238095,47.723571443089284,13178434782
DDR4-1.3333333,100,2000,6687491454.27,27.746013272926277,60.476190476190474,47.493598187339956,8480623686
DDR4-1.3333333,100,10000,3389821889.0554724,27.17,57.61904761904761,45.37542938438573,4290974514
,,,84639961619,0,180,127.3898147,1.0745E+11
,,,88665580810,0,180,147.7641599,1.20963E+11