type,rd_percentage,pause,bandwidth_bytes_per_second,latency_core_ptr_chase,latency_mem_ptr_chase,latency_mem_ptr_chase_ram,bandwidth_ram
DDR4-1.3333333,0,0,107345434482.75862,221.7507131885012,213.8095238095238,150.33389400834736,107409824502.0
DDR4-1.3333333,0,5,103691648575.71216,180.56901181525242,175.23809523809524,132.14083305352082,103739458002.0
DDR4-1.3333333,0,10,102612754422.7886,159.08914728682169,146.19047619047618,120.0947400023685,102667456188.0
DDR4-1.3333333,0,15,97651238380.8096,124.1138528138528,106.19047619047619,97.62987469074686,97690448898.0
DDR4-1.3333333,0,20,90294366416.79161,111.00049776007964,90.47619047619047,86.97436567435913,90321091554.0
DDR4-1.3333333,0,25,89623642578.71065,110.64404623638073,90.95238095238095,88.22239495555988,89657087424.0
DDR4-1.3333333,0,30,88159414692.65369,108.07240038872692,85.71428571428571,83.35514233387855,88191198516.0
DDR4-1.3333333,0,35,85486665600.0,105.52781732848177,81.9047619047619,80.41212501030313,85468660626.0
DDR4-1.3333333,0,40,79024177511.24437,98.36724905789654,75.71428571428571,75.13919137847978,79045922412.0
DDR4-1.3333333,0,45,76854232083.95802,96.13107214716872,70.47619047619047,70.10542675263567,76862005968.0
DDR4-1.3333333,0,50,74994797001.49925,95.54826126254697,73.33333333333333,72.96179732404492,74991747822.0
DDR4-1.3333333,0,55,73363929235.38231,93.61266424377969,69.52380952380952,68.91604972290123,73372658208.0
DDR4-1.3333333,0,60,71522293253.37332,92.29504504504504,70.47619047619047,69.83507499587688,71529411768.0
DDR4-1.3333333,0,65,67825520839.58021,90.18110555480469,67.14285714285714,66.70948366773709,67847353638.0
DDR4-1.3333333,0,70,64925274962.518745,87.69021454735741,63.80952380952381,63.138033828450844,64937346450.0
DDR4-1.3333333,0,80,60613325337.33133,84.89086069210293,62.38095238095238,61.59148353978709,60629181210.0
DDR4-1.3333333,0,90,56490650674.662674,82.42344889763135,60.476190476190474,59.84593349614834,56488327266.0
DDR4-1.3333333,0,100,50430963718.14093,79.15563202024995,55.714285714285715,55.34263338356583,50432464440.0
DDR4-1.3333333,0,120,45589272563.71814,77.66740105132962,53.80952380952381,53.037173075929324,45587290386.0
DDR4-1.3333333,0,140,41542294452.77362,76.33135712385513,52.38095238095238,51.716005292900135,41544807432.0
DDR4-1.3333333,0,160,38230251274.36282,75.82630385487528,52.38095238095238,51.601721790043044,38235268920.0
DDR4-1.3333333,0,180,35246517541.22938,75.41928815725186,51.42857142857142,50.92404352310109,35251886664.0
DDR4-1.3333333,0,200,32580749625.18741,75.25917991505995,51.904761904761905,51.49145153728628,32587806936.0
DDR4-1.3333333,0,220,30207827286.356823,74.65454815806103,50.95238095238095,50.25745400643634,30215614884.0
DDR4-1.3333333,0,260,26786840179.910046,74.54202446005725,49.047619047619044,48.6197719654943,26794804278.0
DDR4-1.3333333,0,300,24059010494.752625,74.58068473290956,49.52380952380952,48.94408322360208,24065412672.0
DDR4-1.3333333,0,340,21887654572.713642,74.10152321798284,49.047619047619044,48.48792046219801,21893994180.0
DDR4-1.3333333,0,380,20146365217.391304,74.03660159716061,50.0,49.205298480132456,20152747152.0
DDR4-1.3333333,0,450,17541315742.128933,74.00232919254657,49.52380952380952,48.97890572447264,17543497158.0
DDR4-1.3333333,0,550,15005850674.66267,73.59146902004045,50.0,49.17218897930472,15010041198.0
DDR4-1.3333333,0,600,14118380809.595203,73.44232316582547,50.95238095238095,50.39560325989008,14120670756.0
DDR4-1.3333333,0,700,12485095052.473763,73.32587228439763,49.047619047619044,48.30352545758813,12487873710.0
DDR4-1.3333333,0,800,10960417391.304348,73.33070002194425,49.52380952380952,49.063552976588824,10962720318.0
DDR4-1.3333333,0,900,10056626086.956522,73.05795045290843,50.476190476190474,49.82769049569226,10055207688.0
DDR4-1.3333333,0,1000,9227859670.164917,73.0101495143512,50.476190476190474,49.70035474250887,9226311216.0
DDR4-1.3333333,0,2000,5267593403.298351,72.5869518019974,48.095238095238095,47.56747393918685,5264057046.0
DDR4-1.3333333,0,10000,1915787706.1469266,67.75601583917148,44.76190476190476,44.24445935611148,1910574126.0
DDR4-1.3333333,10,0,103023409895.05247,195.6581146744412,180.95238095238093,131.92082204802057,102971841810.0
DDR4-1.3333333,10,5,100120275862.06897,169.1951793062904,151.42857142857142,116.5643241641081,100111423278.0
DDR4-1.3333333,10,10,94872295052.47377,152.24361300075586,135.71428571428572,110.16213950405348,94881634812.0
DDR4-1.3333333,10,15,88008894752.62369,122.5857628765792,101.42857142857143,95.0871038771776,87988409160.0
DDR4-1.3333333,10,20,77975373913.04347,110.79099607322604,88.57142857142857,85.14732662868316,77943683622.0
DDR4-1.3333333,10,25,77918618290.85458,109.78297125301734,88.57142857142857,85.79890789497269,77892079170.0
DDR4-1.3333333,10,30,74040698050.97452,106.92899659863944,85.71428571428571,84.18140685453517,74026180188.0
DDR4-1.3333333,10,35,70354067766.11696,103.66192537621109,83.80952380952381,82.47487556187188,70313078754.0
DDR4-1.3333333,10,40,67113556821.58921,98.46689179268829,78.57142857142857,77.90580344764508,67083365880.0
DDR4-1.3333333,10,45,61588716041.97901,94.54511526832955,71.42857142857143,70.83443802086094,61543144398.0
DDR4-1.3333333,10,50,62150428785.6072,93.33240145373217,70.47619047619047,69.9663639991591,62094666948.0
DDR4-1.3333333,10,55,60279508245.87706,92.48175216032358,67.61904761904762,67.14269867856746,60238519398.0
DDR4-1.3333333,10,60,61133932233.883064,91.97458172458172,68.57142857142857,68.19463220486581,61095233898.0
DDR4-1.3333333,10,65,61314811394.30285,91.10004535147392,68.57142857142857,67.79551894488797,61264157838.0
DDR4-1.3333333,10,70,60792055172.413795,89.18771953225735,65.71428571428571,65.09754237743856,60726745872.0
DDR4-1.3333333,10,80,55220600899.550224,85.61934710991315,62.857142857142854,62.34238730855968,55173623274.0
DDR4-1.3333333,10,90,49337561619.19041,82.64980416408987,59.52380952380952,58.799325719983145,49305229740.0
DDR4-1.3333333,10,100,42908257871.06447,79.70354457572502,57.14285714285714,56.320020658000516,42880475730.0
DDR4-1.3333333,10,120,38695244377.8111,78.09792031098152,55.714285714285715,55.23700488092512,38651329794.0
DDR4-1.3333333,10,140,35933831484.25787,77.53196505875077,53.80952380952381,53.287043082176076,35896135962.0
DDR4-1.3333333,10,160,33434636281.85907,76.92943618125216,54.76190476190476,54.210545855263646,33424766610.0
DDR4-1.3333333,10,180,31282355622.188908,77.1220262116146,53.33333333333333,52.53884906347122,31267458708.0
DDR4-1.3333333,10,200,29536633283.358322,76.52518535504089,52.38095238095238,51.90612054765301,29523792726.0
DDR4-1.3333333,10,220,27740804797.6012,76.45872506305894,52.857142857142854,52.29895930747398,27723684378.0
DDR4-1.3333333,10,260,24948428185.907047,76.4895283956279,52.38095238095238,51.620019540500486,24930190368.0
DDR4-1.3333333,10,300,22626820989.50525,76.14840573100749,50.476190476190474,49.75752124393803,22610005920.0
DDR4-1.3333333,10,340,20704182308.84558,75.64153439153439,51.42857142857142,50.96083477402087,20690159124.0
DDR4-1.3333333,10,380,19134973313.34333,75.50558123802007,51.904761904761905,51.05558227638955,19122270798.0
DDR4-1.3333333,10,450,16917675562.21889,75.2266320892998,51.904761904761905,51.083448527086205,16904488932.0
DDR4-1.3333333,10,550,14465765517.241379,74.65845135868555,50.0,49.356463983911596,14454083880.0
DDR4-1.3333333,10,600,13635252773.613194,74.3818817144344,50.476190476190474,49.91861374796534,13627606362.0
DDR4-1.3333333,10,700,12022990104.947529,74.47853239656519,50.0,49.51889448797237,12018192582.0
DDR4-1.3333333,10,800,10875586206.896551,74.00410381543921,50.476190476190474,49.91990749799769,10869993576.0
DDR4-1.3333333,10,900,9799781709.145426,74.08100414078675,50.476190476190474,49.810739745268485,9792750684.0
DDR4-1.3333333,10,1000,9150551124.43778,73.07257448433919,49.047619047619044,48.61813696545342,9143260302.0
DDR4-1.3333333,10,2000,5225614392.803597,72.5506223766102,47.61904761904762,47.21373718034343,5218903152.0
DDR4-1.3333333,10,10000,1923243178.4107947,67.2237860661506,45.238095238095234,44.58455961461399,1915412040.0
DDR4-1.3333333,20,0,102517646776.61171,202.74929971988794,193.33333333333331,140.58974676474367,102575132604.0
DDR4-1.3333333,20,5,99100152323.83807,166.88186494109837,154.28571428571428,116.88272167206804,99182140026.0
DDR4-1.3333333,20,10,94689132233.88307,150.70838005531883,132.38095238095238,104.62055886551397,94746576288.0
DDR4-1.3333333,20,15,80152841979.0105,120.12244897959184,102.38095238095238,95.06372787659319,80180817156.0
DDR4-1.3333333,20,20,74662054572.71364,110.13759052007899,86.19047619047619,83.09601507740038,74706713868.0
DDR4-1.3333333,20,25,71332883958.021,107.90610102308639,87.61904761904762,85.25133138128328,71370969972.0
DDR4-1.3333333,20,30,71212387406.29686,105.53019037072193,83.80952380952381,82.03612930090323,71237524098.0
DDR4-1.3333333,20,35,70401890254.87257,102.56017595007928,80.0,78.67139971678499,70440074082.0
DDR4-1.3333333,20,40,64321650374.81259,97.23148688046648,75.71428571428571,75.17399812934995,64314464616.0
DDR4-1.3333333,20,45,59772334632.68366,92.97801841825165,69.52380952380952,68.91685672292141,59781336222.0
DDR4-1.3333333,20,50,58529688755.62219,91.6584942701913,70.0,69.31915073297877,58538394672.0
DDR4-1.3333333,20,55,57056930734.63268,90.92009070294785,67.61904761904762,67.15336967883424,57067264686.0
DDR4-1.3333333,20,60,57537707946.026985,90.01664876476906,67.61904761904762,67.17991967949798,57540171090.0
DDR4-1.3333333,20,65,56029284557.72114,89.36201147125516,66.19047619047619,65.60931689023292,56040013608.0
DDR4-1.3333333,20,70,55895354722.63869,88.9887065937486,66.19047619047619,65.4743123868578,55902536130.0
DDR4-1.3333333,20,80,53815210794.6027,85.69357806015488,61.42857142857142,60.65683651642092,53825860182.0
DDR4-1.3333333,20,90,47721604797.601204,82.98340799734527,58.57142857142857,58.02087670052191,47747017248.0
DDR4-1.3333333,20,100,40010228485.75712,80.28495398159264,56.666666666666664,56.20709165517729,40007156082.0
DDR4-1.3333333,20,120,35921540029.98501,78.67704769769179,55.714285714285715,54.98469062461726,35913068676.0
DDR4-1.3333333,20,140,33404142728.635685,78.33415435139572,56.19047619047619,55.45281588632039,33402189660.0
DDR4-1.3333333,20,160,31105304947.526237,78.23969817812183,53.80952380952381,53.04158907603972,31109823240.0
DDR4-1.3333333,20,180,29303632983.508247,78.01924198250728,54.76190476190476,54.36353085908827,29316971766.0
DDR4-1.3333333,20,200,27631189205.3973,77.57146722325294,53.80952380952381,53.380390334509755,27639020826.0
DDR4-1.3333333,20,220,26045524437.781113,77.60304576376005,52.857142857142854,52.288778057219446,26050571352.0
DDR4-1.3333333,20,260,23500521739.130436,77.1862869441562,53.33333333333333,52.95428082385702,23505423756.0
DDR4-1.3333333,20,300,21463565817.091457,76.76736986929603,52.38095238095238,51.93149229828731,21469063782.0
DDR4-1.3333333,20,340,19774061769.11544,76.70698616525262,52.857142857142854,52.35348130883703,19777002258.0
DDR4-1.3333333,20,380,18336700449.775116,76.58201482840327,52.38095238095238,51.82301904557548,18341753496.0
DDR4-1.3333333,20,450,16273213793.103449,75.89743008314436,52.857142857142854,52.12517380312934,16275559698.0
DDR4-1.3333333,20,550,13994861769.115444,75.89142101284958,51.42857142857142,50.988239024705976,13992869112.0
DDR4-1.3333333,20,600,13281084257.871065,75.63938019652305,52.857142857142854,52.10931130273278,13279679490.0
DDR4-1.3333333,20,700,11681381709.145428,75.78851095993953,52.38095238095238,51.87144654678617,11682763662.0
DDR4-1.3333333,20,800,10570650674.662668,74.7928160275099,52.38095238095238,51.5978322899458,10572461670.0
DDR4-1.3333333,20,900,9702927736.131935,74.41738225344783,50.95238095238095,50.54359701358993,9704458698.0
DDR4-1.3333333,20,1000,8878392803.598202,74.48856919817108,50.95238095238095,50.343284758582115,8874352740.0
DDR4-1.3333333,20,2000,5158850974.512745,73.00549310633343,49.52380952380952,48.801725720043144,5156816550.0
DDR4-1.3333333,20,10000,1916862368.8155923,67.56250420960463,43.33333333333333,42.84723482118087,1923878394.0
DDR4-1.3333333,30,0,104617739130.43478,203.5785358919687,201.9047619047619,142.9455755736394,104696559282.0
DDR4-1.3333333,30,5,99603161619.19041,167.24257507881202,154.76190476190476,118.7861084696527,99688508688.0
DDR4-1.3333333,30,10,96270296851.57422,148.07897071872227,132.85714285714286,109.91697049792427,96320108850.0
DDR4-1.3333333,30,15,84938650674.66267,121.76840379008746,99.04761904761904,92.52620181315504,84976402560.0
DDR4-1.3333333,30,20,76525586806.5967,111.3019191416404,90.95238095238095,87.58002893950072,76566086706.0
DDR4-1.3333333,30,25,73187483058.47076,108.15738041248244,83.80952380952381,82.02952930073823,73208572188.0
DDR4-1.3333333,30,30,72074871364.31784,107.4670844715839,87.14285714285714,85.51638213790955,72098270190.0
DDR4-1.3333333,30,35,71069188605.69716,103.65862708719851,81.42857142857143,80.26281050657026,71082710748.0
DDR4-1.3333333,30,40,63410537931.034485,97.28056365403303,75.71428571428571,74.86521562163038,63411789906.0
DDR4-1.3333333,30,45,58055561019.490265,92.87759729742237,68.57142857142857,68.13416195335404,58080405174.0
DDR4-1.3333333,30,50,57103208395.8021,91.69730173948774,69.52380952380952,69.00710047517751,57130157610.0
DDR4-1.3333333,30,55,56312055172.413795,89.8860096670247,66.66666666666666,65.95622114890553,56323434918.0
DDR4-1.3333333,30,60,55239407496.25187,89.87920694593626,66.19047619047619,65.40981088524526,55264737378.0
DDR4-1.3333333,30,65,54513002698.65068,89.13547641278734,68.09523809523809,67.34123043353075,54527358168.0
DDR4-1.3333333,30,70,53570389205.39731,87.52821384964241,65.71428571428571,65.23572313089308,53596059114.0
DDR4-1.3333333,30,80,51742723838.08096,86.77875991160796,62.38095238095238,61.88463679711591,51765310626.0
DDR4-1.3333333,30,90,47820608095.95203,83.39800066368011,58.095238095238095,57.71062719276568,47850226146.0
DDR4-1.3333333,30,100,38896407796.101944,80.35014005602241,56.19047619047619,55.51275663781892,38914593126.0
DDR4-1.3333333,30,120,34139682158.920536,78.82926349730644,54.76190476190476,54.10592160264804,34152066822.0
DDR4-1.3333333,30,140,31753125037.48126,78.77515630529669,54.76190476190476,54.023371350584284,31765764174.0
DDR4-1.3333333,30,160,29642621889.055473,78.53964344358432,54.76190476190476,54.25426860635671,29657238612.0
DDR4-1.3333333,30,180,27966148125.93703,78.21874266948159,54.76190476190476,54.234197855854944,27973240272.0
DDR4-1.3333333,30,200,26308480959.52024,78.01418853255588,54.285714285714285,53.69026484225662,26319882072.0
DDR4-1.3333333,30,220,24988392203.898052,77.78448979591836,53.80952380952381,53.22149383053734,24997518048.0
DDR4-1.3333333,30,260,22761691154.422787,77.79409135082605,55.714285714285715,55.151221378780534,22769657190.0
DDR4-1.3333333,30,300,20784647676.161922,77.18617164379876,53.80952380952381,53.039567075989176,20790142740.0
DDR4-1.3333333,30,340,19249827886.056973,77.09493062761828,53.80952380952381,53.07789282694732,19251685080.0
DDR4-1.3333333,30,380,17914223688.155926,77.08009531496214,50.95238095238095,50.51713401292835,17919242058.0
DDR4-1.3333333,30,450,15921731934.032984,76.53775892379423,52.38095238095238,51.81363129534078,15923198064.0
DDR4-1.3333333,30,550,13910366416.791605,75.80090702947847,51.42857142857142,50.87958877198972,13912237158.0
DDR4-1.3333333,30,600,12924027586.206898,75.8803476946334,51.42857142857142,50.71978551799464,12926511534.0
DDR4-1.3333333,30,700,11654380809.595203,75.43041304919757,51.42857142857142,51.03079477576987,11656155114.0
DDR4-1.3333333,30,800,10509059070.46477,75.33047694215807,51.42857142857142,50.83721077093026,10509568746.0
DDR4-1.3333333,30,900,9561609595.202398,75.28714248130191,50.476190476190474,50.02188875054721,9562546458.0
DDR4-1.3333333,30,1000,8818614692.653673,74.82851162442998,50.95238095238095,50.14712675367817,8819926170.0
DDR4-1.3333333,30,2000,5139910044.977512,73.00429262614136,50.0,49.58333448958336,5137061724.0
DDR4-1.3333333,30,10000,1916056371.814093,67.54287061359197,43.33333333333333,42.8449803211245,1906542528.0
DDR4-1.3333333,40,0,105992702848.57571,200.99909963985593,183.33333333333331,130.57645976441148,105800007558.0
DDR4-1.3333333,40,5,100782066566.71663,162.69865565273727,146.66666666666666,112.380119809503,100574250690.0
DDR4-1.3333333,40,10,97190275262.36882,145.73548994065712,129.04761904761904,107.22540193063504,97044183792.0
DDR4-1.3333333,40,15,85856009595.2024,120.70585756426463,101.9047619047619,96.13457565336438,85659355200.0
DDR4-1.3333333,40,20,78117632383.8081,110.40042791310073,89.52380952380952,87.60040944001024,77928766710.0
DDR4-1.3333333,40,25,73590280059.97003,108.53206997084548,83.80952380952381,82.49408906235222,73375077162.0
DDR4-1.3333333,40,30,72681384107.94603,105.08037676609105,83.80952380952381,81.53350703833767,72482078292.0
DDR4-1.3333333,40,35,70496729235.38232,103.10502989074418,78.09523809523809,77.50909318772733,70308240840.0
DDR4-1.3333333,40,40,64122031784.10795,96.18434416019929,73.33333333333333,72.7935760698394,63976616730.0
DDR4-1.3333333,40,45,58102376011.994,92.66037299273451,69.52380952380952,68.98471297461782,57971148876.0
DDR4-1.3333333,40,50,56460828785.6072,90.7619954648526,68.09523809523809,67.26296343157408,56324241240.0
DDR4-1.3333333,40,55,55748260269.865074,90.12398071811506,68.09523809523809,67.6442641911066,55611857934.0
DDR4-1.3333333,40,60,54585340929.53523,88.8733987101334,66.19047619047619,65.4264961356624,54443097780.0
DDR4-1.3333333,40,65,52985302548.72564,88.36054421768706,64.76190476190476,64.0825756020644,52861905180.0
DDR4-1.3333333,40,70,51840047976.01199,87.84709238534123,64.28571428571428,63.89840184746004,51731042040.0
DDR4-1.3333333,40,80,49021140629.68516,86.26758804787737,61.42857142857142,61.021553275538835,48930291156.0
DDR4-1.3333333,40,90,45379377511.24438,84.63763890649427,60.476190476190474,59.68593149214828,45292177440.0
DDR4-1.3333333,40,100,37453673163.4183,80.29671868747499,56.19047619047619,55.79482639487066,37362831192.0
DDR4-1.3333333,40,120,32054299250.37481,80.09179671868746,54.76190476190476,54.315791107894775,31970569338.0
DDR4-1.3333333,40,140,29329223388.305847,79.11790064863153,55.714285714285715,55.049000126224996,29266173636.0
DDR4-1.3333333,40,160,27285886656.67167,78.90138020526129,55.238095238095234,54.45920686148017,27218525190.0
DDR4-1.3333333,40,180,25941483658.170914,78.2874345140355,53.33333333333333,52.6383643159591,25873987374.0
DDR4-1.3333333,40,200,24598222488.755623,78.21647509578544,54.76190476190476,54.35824785895619,24525821124.0
DDR4-1.3333333,40,220,23390167316.34183,78.05275024295432,54.285714285714285,53.79818684495467,23325614508.0
DDR4-1.3333333,40,260,21369734332.833584,77.4841527520099,53.33333333333333,52.8165118204128,21309412518.0
DDR4-1.3333333,40,300,19638184107.94603,77.47599721706864,52.857142857142854,52.02115780052894,19577841330.0
DDR4-1.3333333,40,340,18248443778.110947,77.13232637687844,52.38095238095238,51.930323798258094,18195406500.0
DDR4-1.3333333,40,380,17028970314.842579,76.98812406318459,53.80952380952381,53.187792579694815,16979879808.0
DDR4-1.3333333,40,450,15282441979.010496,76.58690667278147,51.904761904761905,51.48018203700455,15238229622.0
DDR4-1.3333333,40,550,13324406596.701649,76.25683122410976,52.857142857142854,52.43216531080414,13284517404.0
DDR4-1.3333333,40,600,12543126836.581709,75.7375283446712,52.38095238095238,51.872422296810555,12506419062.0
DDR4-1.3333333,40,700,11256218290.854572,75.85037792894936,51.904761904761905,51.30082703252067,11221145730.0
DDR4-1.3333333,40,800,10129770314.842579,75.44191378208741,52.857142857142854,52.11539455288486,10099555266.0
DDR4-1.3333333,40,900,9408873163.418293,75.23287104897207,50.0,49.586526489663164,9376689804.0
DDR4-1.3333333,40,1000,8552165517.241381,75.35039651219603,51.42857142857142,50.9298920232473,8524410066.0
DDR4-1.3333333,40,2000,5076840779.610195,73.03663283495216,50.476190476190474,49.80536074513402,5061267684.0
DDR4-1.3333333,40,10000,1919549025.4872565,67.20284172782414,44.285714285714285,43.86717634667941,1924281558.0
DDR4-1.3333333,50,0,109485692353.8231,198.91817016661736,192.38095238095238,139.95000349875008,109560278682.0
DDR4-1.3333333,50,5,104189351724.13792,156.8807569004613,139.52380952380952,113.89650584741266,104237763468.0
DDR4-1.3333333,50,10,99882573913.04347,138.14361300075586,121.9047619047619,104.73585561839639,99934032984.0
DDR4-1.3333333,50,15,87317349325.33733,118.95575273587696,97.14285714285714,91.05664952641624,87360286248.0
DDR4-1.3333333,50,20,78503033283.35832,109.22840816326531,90.0,86.84682967117074,78526249476.0
DDR4-1.3333333,50,25,74744467766.11694,105.02182103610674,83.80952380952381,81.3370917834273,74771622588.0
DDR4-1.3333333,50,30,72304513343.32834,104.08962974502778,80.47619047619047,78.42083821052096,72332506020.0
DDR4-1.3333333,50,35,69752458170.91455,100.81955152431343,78.57142857142857,77.2069879301747,69782923662.0
DDR4-1.3333333,50,40,60764987106.446785,94.08341543513957,71.42857142857143,70.94287152357178,60776334522.0
DDR4-1.3333333,50,45,55917855472.26387,91.42227092179154,66.66666666666666,66.0658719016468,55922694114.0
DDR4-1.3333333,50,50,54432537331.334335,89.64898854278553,69.04761904761905,68.19809420495235,54447129378.0
DDR4-1.3333333,50,55,52633552023.988,89.29331732693078,65.71428571428571,65.02145712553643,52642989432.0
DDR4-1.3333333,50,60,51301306146.92654,88.16664472240508,66.19047619047619,65.47297438682436,51304499010.0
DDR4-1.3333333,50,65,49598234482.75862,87.70669806384092,65.23809523809524,64.61296061532401,49609212198.0
DDR4-1.3333333,50,70,48079400299.85008,86.26087143718246,62.857142857142854,62.1759803043995,48094944126.0
DDR4-1.3333333,50,80,45541718740.629684,85.13456632653062,63.80952380952381,62.89706032242651,45542136498.0
DDR4-1.3333333,50,90,42122477961.0195,84.36465944402451,60.95238095238095,60.43278226081955,42116891136.0
DDR4-1.3333333,50,100,31733713943.02849,80.69854687437105,56.19047619047619,55.36743288418582,31748025144.0
DDR4-1.3333333,50,120,29372478560.719643,79.84664041055018,55.238095238095234,54.84429362110733,29387927886.0
DDR4-1.3333333,50,140,27284744827.58621,79.42081949058694,55.714285714285715,55.18738037968451,27287062350.0
DDR4-1.3333333,50,160,25142807796.10195,79.26028318304066,55.238095238095234,54.74275861856896,25145880846.0
DDR4-1.3333333,50,180,23462035382.308846,78.28563609351787,53.80952380952381,53.286188832154714,23468333064.0
DDR4-1.3333333,50,200,22299989205.3973,78.24446790210337,56.19047619047619,55.74219964355499,22306829778.0
DDR4-1.3333333,50,220,21367988005.997,78.38927984987099,56.666666666666664,55.88911489722787,21370692804.0
DDR4-1.3333333,50,260,19722410794.6027,78.28813824380326,54.76190476190476,54.26182710654568,19729832562.0
DDR4-1.3333333,50,300,18207069265.36732,77.56794990723562,53.80952380952381,53.070760326769005,18211936050.0
DDR4-1.3333333,50,340,16991424287.856073,77.75825072886298,53.80952380952381,53.36503408412585,16997618838.0
DDR4-1.3333333,50,380,15966330434.782612,77.37109616573902,55.714285714285715,55.08516737712918,15972383556.0
DDR4-1.3333333,50,450,14394098950.524738,77.17687074829932,53.33333333333333,52.74403256860081,14393609916.0
DDR4-1.3333333,50,550,12677056671.66417,76.50030574027363,52.857142857142854,52.31336980783425,12678971436.0
DDR4-1.3333333,50,600,12007004497.751123,76.49457311014294,52.38095238095238,51.80699829517496,12008113590.0
DDR4-1.3333333,50,700,10791023688.155922,76.16037699996198,51.904761904761905,51.37691003442275,10788152142.0
DDR4-1.3333333,50,800,9803207196.401798,75.73306878306879,51.42857142857142,50.61708876542722,9804442314.0
DDR4-1.3333333,50,900,9102124137.931036,75.47957304468748,50.95238095238095,50.35621400890535,9104556966.0
DDR4-1.3333333,50,1000,8389958620.689654,75.25271545082121,50.95238095238095,50.19596600489915,8388948384.0
DDR4-1.3333333,50,2000,4963463868.065968,73.26380659790797,50.0,49.59628248990706,4960880904.0
DDR4-1.3333333,50,10000,1919884857.5712147,67.08444757213229,42.857142857142854,42.172608304315204,1911380442.0
DDR4-1.3333333,60,0,108156401799.10046,196.26200194363457,180.47619047619048,136.67699966692498,107765411412.0
DDR4-1.3333333,60,5,102633105847.07646,156.94714207522088,140.0,112.54869431371735,102246154236.0
DDR4-1.3333333,60,10,97296331034.48276,138.06747749604892,115.71428571428571,99.89430624735766,96978065592.0
DDR4-1.3333333,60,15,85578948125.93703,114.8457097124564,95.23809523809524,89.90398124759953,85250954358.0
DDR4-1.3333333,60,20,77953208995.50226,106.1658492854506,88.09523809523809,85.6862923921573,77630428488.0
DDR4-1.3333333,60,25,73475358320.83958,103.4541847041847,81.42857142857143,79.06132247653305,73185592074.0
DDR4-1.3333333,60,30,71381310944.52774,99.71940016882665,75.71428571428571,74.35980185899504,71100449778.0
DDR4-1.3333333,60,35,69949658770.6147,99.15922310953367,76.19047619047619,75.22775288069381,69725674980.0
DDR4-1.3333333,60,40,62497746326.836586,94.0490265071546,73.80952380952381,72.99656507491412,62271250932.0
DDR4-1.3333333,60,45,57263467466.26688,90.24778123169799,65.71428571428571,64.89739887243498,57025336074.0
DDR4-1.3333333,60,50,55706348425.7871,89.21030634476013,64.76190476190476,63.94360209859005,55490910006.0
DDR4-1.3333333,60,55,54718599100.449776,88.06543778801843,64.76190476190476,64.19383810484595,54512844414.0
DDR4-1.3333333,60,60,53062006596.70166,87.58965637537065,63.80952380952381,63.05414182635354,52863517824.0
DDR4-1.3333333,60,65,51723447076.46178,86.39933694996986,62.38095238095238,61.81011679525292,51529059000.0
DDR4-1.3333333,60,70,50531377511.244385,85.98776365892269,61.42857142857142,60.95187977379699,50330061864.0
DDR4-1.3333333,60,80,47993292953.52325,84.95690201546456,62.38095238095238,61.7754562943864,47824020762.0
DDR4-1.3333333,60,90,44530461169.4153,83.60268770084721,60.0,59.28264298206607,44359668906.0
DDR4-1.3333333,60,100,34823100449.77511,80.59835768626978,57.14285714285714,56.53424316335608,34722537888.0
DDR4-1.3333333,60,120,31748356221.889053,80.05726290516206,56.666666666666664,55.99250614981265,31665377400.0
DDR4-1.3333333,60,140,28990570314.84258,79.19676475241259,56.19047619047619,55.70646589266164,28924294158.0
DDR4-1.3333333,60,160,27064438980.509747,79.31703844328429,54.76190476190476,54.23937060598426,27004447356.0
DDR4-1.3333333,60,180,25575359520.239883,79.18082581869957,54.76190476190476,54.03358335083958,25497839316.0
DDR4-1.3333333,60,200,24324452173.91304,78.6821202469427,54.76190476190476,54.10220910255523,24258929358.0
DDR4-1.3333333,60,220,23178055772.11394,78.38189068730941,54.76190476190476,54.10500135262503,23103473478.0
DDR4-1.3333333,60,260,21219550224.887558,78.22316052857924,54.76190476190476,54.20735010518375,21159437088.0
DDR4-1.3333333,60,300,19530314842.578712,77.4252860235003,53.80952380952381,53.14774482869362,19469794512.0
DDR4-1.3333333,60,340,18147895652.173916,77.51843692022263,53.33333333333333,52.88185107204628,18093810240.0
DDR4-1.3333333,60,380,16938429985.0075,76.62256363219444,52.857142857142854,52.41203156030078,16887556224.0
DDR4-1.3333333,60,450,15210439580.209896,76.87678235135861,51.904761904761905,51.216233030405824,15161629272.0
DDR4-1.3333333,60,550,13299084857.571215,76.74642666055185,52.857142857142854,52.08112930202822,13258715178.0
DDR4-1.3333333,60,600,12497923838.08096,76.2850302132026,52.857142857142854,52.00381555009539,12458039886.0
DDR4-1.3333333,60,700,11218202098.950525,75.7525321239607,52.38095238095238,51.88294329707358,11179217112.0
DDR4-1.3333333,60,800,10144211094.452774,75.65816326530613,51.42857142857142,50.61108726527718,10112456376.0
DDR4-1.3333333,60,900,9358095352.323837,75.44924268049762,52.857142857142854,52.28468830711721,9329923272.0
DDR4-1.3333333,60,1000,8558411994.002998,74.85374149659864,50.95238095238095,50.23505525587638,8532876420.0
DDR4-1.3333333,60,2000,5074557121.4392805,72.99789006511695,49.52380952380952,48.78841171971029,5058848724.0
DDR4-1.3333333,60,10000,1922974512.7436285,66.9233693477391,44.285714285714285,43.79933134498328,1913799402.0
DDR4-1.3333333,70,0,109204869565.21739,186.5301463050974,169.04761904761904,130.22337775558444,109274438412.0
DDR4-1.3333333,70,5,104556013193.4033,150.26373626373626,136.19047619047618,111.18103702952591,104622377886.0
DDR4-1.3333333,70,10,98707631784.10796,133.82026143790847,112.38095238095238,100.05505600137639,98753984352.0
DDR4-1.3333333,70,15,85999074062.96854,110.23688830370857,88.57142857142857,84.51048136276204,86062514964.0
DDR4-1.3333333,70,20,76516317841.07945,101.04409171075838,80.0,78.21237120530928,76544316078.0
DDR4-1.3333333,70,25,72691391904.04799,99.66711356075277,76.19047619047619,75.00181462504536,72730021542.0
DDR4-1.3333333,70,30,71547077661.16942,98.79601695750763,74.28571428571428,73.12095482802387,71583435174.0
DDR4-1.3333333,70,35,71838244077.96103,95.59293087864516,73.33333333333333,72.5480283137007,71864034372.0
DDR4-1.3333333,70,40,64338307646.17692,93.06460271183303,70.47619047619047,69.80090649502266,64355990076.0
DDR4-1.3333333,70,45,57608501349.32534,89.0746076208261,67.14285714285714,66.59975791499394,57606692454.0
DDR4-1.3333333,70,50,56804116341.82909,87.97744129910029,66.66666666666666,66.0400719010018,56804001360.0
DDR4-1.3333333,70,55,55778888155.92204,87.58529565672423,62.857142857142854,62.419985310499634,55796505108.0
DDR4-1.3333333,70,60,55135836881.55922,87.30394208965637,62.857142857142854,62.26974905674373,55148627370.0
DDR4-1.3333333,70,65,54056674062.96852,85.79437812860994,61.904761904761905,61.46373003659325,54080253990.0
DDR4-1.3333333,70,70,53834487556.22189,85.32589285714285,61.904761904761905,61.22942703073567,53860935078.0
DDR4-1.3333333,70,80,51097120239.880066,84.65766679342545,62.38095238095238,61.60307854007696,51122673960.0
DDR4-1.3333333,70,90,47253454872.56372,82.5010101010101,59.047619047619044,58.27500145687504,47274917166.0
DDR4-1.3333333,70,100,39305182608.695656,79.76862791900385,55.238095238095234,54.685364867134126,39319365522.0
DDR4-1.3333333,70,120,34299068065.967022,78.83339231646416,55.238095238095234,54.428674360716855,34312927572.0
DDR4-1.3333333,70,140,32011648575.712143,78.88899374778813,55.714285714285715,55.12910237822755,32023786422.0
DDR4-1.3333333,70,160,29855539430.28486,78.79371633046283,54.285714285714285,53.702212342555306,29867284848.0
DDR4-1.3333333,70,180,28219567016.491756,78.55219329110955,54.76190476190476,54.2830881070772,28226021442.0
DDR4-1.3333333,70,200,26587893253.373318,78.24751739776369,52.857142857142854,52.03049755076243,26599271796.0
DDR4-1.3333333,70,220,25237378110.94453,77.58650278293135,53.80952380952381,53.249298581232466,25246267626.0
DDR4-1.3333333,70,260,22938674662.668663,77.77679300291545,52.38095238095238,51.89518554737963,22942209564.0
DDR4-1.3333333,70,300,20956325037.481262,77.4936224489796,53.33333333333333,52.83618432090461,20963904606.0
DDR4-1.3333333,70,340,19325121439.280357,77.17291210269418,52.857142857142854,52.247200306180005,19331510712.0
DDR4-1.3333333,70,380,17999457871.06447,77.17256620162189,54.285714285714285,53.43609658590241,18003502452.0
DDR4-1.3333333,70,450,16017847076.46177,76.51028051670106,52.38095238095238,51.64360329109008,16020762726.0
DDR4-1.3333333,70,550,13922456371.814093,76.28902063618744,51.42857142857142,50.854313021357825,13919897196.0
DDR4-1.3333333,70,600,12998044977.511246,75.87819349962207,52.857142857142854,52.214254305356356,12997870812.0
DDR4-1.3333333,70,700,11637051874.06297,76.11617831490138,51.42857142857142,50.59317501482938,11638012926.0
DDR4-1.3333333,70,800,10508723238.38081,75.37790806930508,51.42857142857142,50.80736902018422,10508762424.0
DDR4-1.3333333,70,900,9611850074.962519,75.07408238020481,52.38095238095238,51.82619754565494,9612135108.0
DDR4-1.3333333,70,1000,8815995202.398802,74.79730133811765,51.904761904761905,51.22334078058352,8818313532.0
DDR4-1.3333333,70,2000,5136686056.971515,73.34602443127788,50.476190476190474,49.74413299360332,5135449080.0
DDR4-1.3333333,70,10000,1914108545.7271366,67.61743113086818,44.76190476190476,44.20628210515705,1905333048.0
DDR4-1.3333333,80,0,110820423388.30585,179.48720014321518,164.28571428571428,127.27550193188753,110880626916.0
DDR4-1.3333333,80,5,106238867766.11696,147.34913320166774,126.66666666666666,108.25938645648465,106302747786.0
DDR4-1.3333333,80,10,98956953523.23839,125.08094613992387,101.42857142857143,93.09686782742169,99014022396.0
DDR4-1.3333333,80,15,81471318740.62968,104.2342524796178,83.33333333333333,80.28051725701293,81500762226.0
DDR4-1.3333333,80,20,73607340329.83508,95.9861071189039,73.33333333333333,72.18475905461897,73631889936.0
DDR4-1.3333333,80,25,70924713643.1784,95.54155368441083,71.42857142857143,70.13087800327195,70953699624.0
DDR4-1.3333333,80,30,69381968215.89206,94.37522871217452,72.38095238095238,71.29188403229709,69399518724.0
DDR4-1.3333333,80,35,69539607796.10194,91.69497329132994,69.04761904761905,68.51101671277542,69565620552.0
DDR4-1.3333333,80,40,64433213793.10345,89.43079454003824,68.09523809523809,67.28501268212531,64439444142.0
DDR4-1.3333333,80,45,57773260569.71514,86.72542137874257,64.28571428571428,63.741624093540594,57790936464.0
DDR4-1.3333333,80,50,57652293853.07346,85.79005690326444,64.28571428571428,63.52406483810162,57676439094.0
DDR4-1.3333333,80,55,56813721139.43028,86.1799707224662,62.857142857142854,62.057121801428046,56833835184.0
DDR4-1.3333333,80,60,55430831784.10794,84.95014154730214,60.0,59.5096762377419,55442530830.0
DDR4-1.3333333,80,65,55426868965.51724,84.22973880910388,60.476190476190474,59.724047243101175,55446562434.0
DDR4-1.3333333,80,70,54488218290.854576,84.12190308222054,61.904761904761905,61.391769784794235,54505184382.0
DDR4-1.3333333,80,80,53049244977.51125,82.55200989486703,58.095238095238095,57.43506143587653,53054615550.0
DDR4-1.3333333,80,90,46812440179.91004,80.39427771108443,57.61904761904761,57.12032242800805,46826200344.0
DDR4-1.3333333,80,100,40525596401.7991,79.29445499129885,56.19047619047619,55.35136263378407,40532473260.0
DDR4-1.3333333,80,120,35620768815.59221,78.39553522558448,53.80952380952381,53.400498585012464,35634888438.0
DDR4-1.3333333,80,140,33350073763.118446,78.69501789154968,54.76190476190476,54.326924108173095,33362276844.0
DDR4-1.3333333,80,160,31095767316.34183,77.49091682127396,55.238095238095234,54.59097436477436,31102566360.0
DDR4-1.3333333,80,180,29286639880.05997,77.55948515769944,53.80952380952381,53.058459576461495,29294797980.0
DDR4-1.3333333,80,200,27604994302.84858,78.02872691933916,54.76190476190476,54.29392485734812,27614428080.0
DDR4-1.3333333,80,220,26102347226.386806,77.52025355596784,53.80952380952381,53.08384182709604,26111851638.0
DDR4-1.3333333,80,260,23581457271.364323,77.47518552875695,53.33333333333333,52.955759823894,23590087308.0
DDR4-1.3333333,80,300,21522067766.116943,76.88120219839348,52.857142857142854,52.258606306465154,21527925108.0
DDR4-1.3333333,80,340,19793069865.067467,76.92724547446097,54.285714285714285,53.90398184759954,19799176044.0
DDR4-1.3333333,80,380,18392582908.545727,76.15824877437008,51.42857142857142,50.697855517446385,18396583218.0
DDR4-1.3333333,80,450,16287721739.130436,76.22308364686657,52.38095238095238,51.778727794468196,16290879768.0
DDR4-1.3333333,80,550,13999563418.290855,76.16478546725952,51.904761904761905,51.16197652904942,14002141788.0
DDR4-1.3333333,80,600,13288741229.385307,75.80544217687074,52.857142857142854,52.21084855527121,13286936364.0
DDR4-1.3333333,80,700,11694479160.41979,75.35205021235014,51.904761904761905,51.46943828673596,11694455292.0
DDR4-1.3333333,80,800,10572262668.665667,75.31574397714886,51.42857142857142,50.79343476983586,10572058506.0
DDR4-1.3333333,80,900,9698024587.706148,75.00257905359946,51.904761904761905,51.45659678641492,9699620778.0
DDR4-1.3333333,80,1000,8876847976.011995,74.62473513995762,50.476190476190474,49.745603743640096,8878384338.0
DDR4-1.3333333,80,2000,5167179610.194902,72.95274473425734,49.047619047619044,48.543594463589855,5167298706.0
DDR4-1.3333333,80,10000,1921698350.824588,67.22603129921919,43.33333333333333,42.552552313813806,1913799402.0
DDR4-1.3333333,90,0,113819538230.88457,167.29766052762568,150.47619047619048,122.71688556792213,113772491904.0
DDR4-1.3333333,90,5,107381704347.8261,129.66737933268544,110.47619047619047,96.30035790750894,107286860766.0
DDR4-1.3333333,90,10,99953367316.34184,113.83185941043084,93.33333333333333,85.9271001481775,99878396934.0
DDR4-1.3333333,90,15,90181392503.74812,96.01724633515379,72.85714285714285,70.39304575982615,90115480074.0
DDR4-1.3333333,90,20,76729705547.2264,91.75916541113088,69.04761904761905,67.92169369804235,76632204906.0
DDR4-1.3333333,90,25,77340046776.6117,91.44925352691412,68.09523809523809,66.77920066948002,77278066848.0
DDR4-1.3333333,90,30,73422834182.90854,90.18142091273594,65.71428571428571,64.79727311993182,73353709698.0
DDR4-1.3333333,90,35,69810691454.27287,89.53499820981024,64.76190476190476,63.97822659945566,69720433896.0
DDR4-1.3333333,90,40,63985952623.688156,86.40454662877808,63.33333333333333,62.955065323876624,63917755410.0
DDR4-1.3333333,90,45,60618026986.50675,84.71906029492543,62.38095238095238,61.95801079895027,60540082902.0
DDR4-1.3333333,90,50,58785324137.93104,84.87911437867072,60.476190476190474,59.81578424539461,58746425106.0
DDR4-1.3333333,90,55,58219178410.7946,83.62476524352071,61.42857142857142,60.84261302106532,58165471884.0
DDR4-1.3333333,90,60,57224846776.611694,83.56537707107383,59.047619047619044,58.373673709341844,57161200914.0
DDR4-1.3333333,90,65,56893716341.82909,82.2512908777969,58.57142857142857,58.13696545342413,56833028862.0
DDR4-1.3333333,90,70,56360011994.003006,82.1689205802803,58.57142857142857,58.03685395092135,56294407422.0
DDR4-1.3333333,90,80,52810199700.14993,80.66904158112949,56.666666666666664,56.26464290661607,52759099440.0
DDR4-1.3333333,90,90,47438901349.32534,79.18695617781997,56.666666666666664,55.8977121474428,47398284054.0
DDR4-1.3333333,90,100,42256877961.0195,77.96404275996113,54.76190476190476,54.15409185385229,42203167320.0
DDR4-1.3333333,90,120,38407637781.10944,77.49694650587507,55.238095238095234,54.51955636298891,38370327444.0
DDR4-1.3333333,90,140,35961638380.80959,77.44673778602349,52.38095238095238,51.946279298656975,35929195068.0
DDR4-1.3333333,90,160,33397761919.040485,77.33449288806432,53.80952380952381,53.41425058535626,33364695804.0
DDR4-1.3333333,90,180,31368395802.098953,76.70144462279293,54.285714285714285,53.565662839141574,31346074866.0
DDR4-1.3333333,90,200,29625561619.190407,77.07844267650563,52.38095238095238,51.60806229020156,29602408878.0
DDR4-1.3333333,90,220,27818382008.995506,76.29209896249002,54.76190476190476,53.98891559972289,27801897372.0
DDR4-1.3333333,90,260,25061536431.78411,76.17835290540798,51.904761904761905,51.454085036352126,25046300376.0
DDR4-1.3333333,90,300,22717495652.173912,75.84021164021163,51.904761904761905,51.42749078568727,22706361108.0
DDR4-1.3333333,90,340,20785991004.49775,75.60041572184429,51.42857142857142,50.823227770580694,20771597394.0
DDR4-1.3333333,90,380,19235319940.029987,75.48077573570865,51.42857142857142,50.8651040216276,19222657578.0
DDR4-1.3333333,90,450,16963953223.388306,75.32239636185966,51.904761904761905,51.41929028548225,16952868102.0
DDR4-1.3333333,90,550,14473355322.33883,75.07045675413022,50.476190476190474,50.06881400172034,14462147076.0
DDR4-1.3333333,90,600,13639685757.12144,74.43634065648116,50.0,49.248427231210684,13631637960.0
DDR4-1.3333333,90,700,12037766716.64168,74.0,50.95238095238095,50.10632675265817,12029481060.0
DDR4-1.3333333,90,800,10868600899.550224,74.40046838407493,50.476190476190474,50.04910250122756,10861930380.0
DDR4-1.3333333,90,900,9805490854.572714,74.1138346643005,50.476190476190474,49.917115247927875,9799201242.0
DDR4-1.3333333,90,1000,9147730134.932533,73.28937166264355,50.0,49.31881773297044,9139631862.0
DDR4-1.3333333,90,2000,5227360719.64018,72.57320162107396,49.047619047619044,48.63033121575828,5219709474.0
DDR4-1.3333333,90,10000,1917802698.6506746,67.58840169731259,44.76190476190476,44.122230353055755,1910574126.0
DDR4-1.3333333,100,0,116503911244.37782,155.71536796536796,141.9047619047619,115.55080263877007,116574452268.0
DDR4-1.3333333,100,5,114503426686.65668,121.7376700680272,100.47619047619047,91.5846885396172,114563088204.0
DDR4-1.3333333,100,10,116498873763.11844,113.46354875283447,93.33333333333333,88.41590996039774,116547843720.0
DDR4-1.3333333,100,15,115473376911.54424,85.7119753561802,62.38095238095238,60.899299522482494,115533896916.0
DDR4-1.3333333,100,20,96259953223.3883,79.73262521382823,55.714285714285715,55.048628876215716,96312851976.0
DDR4-1.3333333,100,25,99947926836.58171,80.17771108443377,56.666666666666664,56.03294465082361,99995313264.0
DDR4-1.3333333,100,30,95658410794.60272,79.7835461670048,56.19047619047619,55.37360538434014,95702064936.0
DDR4-1.3333333,100,35,91459300749.62518,79.1921373200443,56.19047619047619,55.3718998842975,91512831816.0
DDR4-1.3333333,100,40,87357514842.57872,79.21060749881347,55.238095238095234,54.8624121215603,87407859096.0
DDR4-1.3333333,100,45,83645361319.34032,78.42978340761591,53.80952380952381,53.30439058260976,83685081828.0
DDR4-1.3333333,100,50,80010785007.49625,78.00944606413994,53.80952380952381,53.135756078393904,80055837630.0
DDR4-1.3333333,100,55,76925495652.17392,77.78678328474247,54.76190476190476,54.218663105466575,76968843312.0
DDR4-1.3333333,100,60,73906096551.72415,77.5824443413729,53.80952380952381,53.07181482679537,73946354550.0
DDR4-1.3333333,100,65,69207738530.73463,77.20523463622736,53.80952380952381,53.1021043275526,69238657986.0
DDR4-1.3333333,100,70,61906346026.98651,76.89903532034282,52.38095238095238,51.5970680399267,61932193566.0
DDR4-1.3333333,100,80,56147631784.10795,76.02808497700757,51.42857142857142,50.81821477045536,56165799456.0
DDR4-1.3333333,100,90,52756600899.55023,76.1743244783947,51.904761904761905,51.492848787321215,52773613194.0
DDR4-1.3333333,100,100,49889132233.883064,75.6799319727891,51.904761904761905,51.39846053496151,49900696710.0
DDR4-1.3333333,100,120,44887920839.58021,75.63938019652305,51.904761904761905,51.19377127984428,44901112470.0
DDR4-1.3333333,100,140,40834427586.2069,75.06556029005007,50.95238095238095,50.34319625857991,40847341038.0
DDR4-1.3333333,100,160,37625081859.070465,74.64410244972306,51.42857142857142,50.89276177231905,37638592464.0
DDR4-1.3333333,100,180,34808861169.41529,75.28800691547337,51.42857142857142,50.841926771048165,34821715194.0
DDR4-1.3333333,100,200,32376832383.8081,74.7833968752336,50.95238095238095,50.34970625874266,32383808094.0
DDR4-1.3333333,100,220,30256657271.364323,75.21238771751794,50.476190476190474,49.64465374111634,30263187732.0
DDR4-1.3333333,100,260,26855081259.370316,74.60484740344225,49.52380952380952,49.14493397862335,26864550918.0
DDR4-1.3333333,100,300,24175611394.302853,74.26674800354924,51.42857142857142,50.94117127352928,24186360600.0
DDR4-1.3333333,100,340,21961806296.851574,74.22445282460811,50.95238095238095,50.40826776020669,21968578734.0
DDR4-1.3333333,100,380,20200702848.575714,74.01800502809819,50.95238095238095,50.411990760299766,20204351604.0
DDR4-1.3333333,100,450,17608885157.42129,73.76929582643868,50.0,49.534791488369784,17614050120.0
DDR4-1.3333333,100,550,15092764017.991007,73.59959551388123,50.0,49.257451981436304,15096720546.0
DDR4-1.3333333,100,600,14141754722.638681,73.039870493652,50.0,49.25132898128322,14143247706.0
DDR4-1.3333333,100,700,12493020689.655174,73.24160631994732,50.95238095238095,50.129323253233075,12496340064.0
DDR4-1.3333333,100,800,10974186506.746626,73.25352936873674,49.047619047619044,48.40791346019783,10975621434.0
DDR4-1.3333333,100,900,10074626686.656672,72.92924442504274,49.52380952380952,48.92620022315501,10077784638.0
DDR4-1.3333333,100,1000,9229941829.085459,73.05351231401652,50.0,49.17809972945249,9232358610.0
DDR4-1.3333333,100,2000,5274914542.728636,72.05902890256631,47.14285714285714,46.400458160011446,5274942360.0
DDR4-1.3333333,100,10000,1919347526.2368815,67.5335084528861,44.285714285714285,43.52858733821468,1912589922.0
